shipment_id,origin,destination,distance_km,vehicle_type,fuel_type,shipment_weight_tons,vehicle_capacity_tons,date
SHP-00001,Pune,Ahmedabad,583,truck_medium,diesel,9.32,20.39,2025-07-07
SHP-00002,Hyderabad,Ahmedabad,278,truck_small,petrol,9.6,10.15,2025-11-16
SHP-00003,Pune,Chennai,745,truck_medium,diesel,9.62,16.75,2026-01-26
SHP-00004,Delhi,Mumbai,827,truck_medium,diesel,12.42,16.23,2026-01-04
SHP-00005,Chennai,Chennai,168,truck_small,diesel,8.23,14.42,2025-04-11
SHP-00006,Hyderabad,Mumbai,241,truck_small,diesel,8.08,14.06,2025-12-01
SHP-00007,Delhi,Ahmedabad,529,truck_medium,diesel,10.88,22.92,2025-03-12
SHP-00008,Mumbai,Delhi,414,truck_medium,diesel,8.94,14.87,2025-09-06
SHP-00009,Mumbai,Chennai,488,truck_medium,petrol,11.61,18.22,2025-08-15
SHP-00010,Pune,Delhi,308,truck_small,petrol,4.47,10.18,2025-05-12
SHP-00011,Hyderabad,Delhi,799,truck_small,diesel,6.31,11.31,2025-09-20
SHP-00012,Delhi,Pune,756,truck_small,diesel,6.13,13.03,2025-12-22
SHP-00013,Pune,Delhi,511,truck_medium,diesel,13.98,14.27,2025-10-07
SHP-00014,Hyderabad,Delhi,916,truck_large,diesel,12.4,21.99,2025-09-09
SHP-00015,Pune,Delhi,637,truck_small,diesel,11.93,13.9,2025-12-10
SHP-00016,Ahmedabad,Hyderabad,307,truck_medium,petrol,10.6,19.45,2026-02-18
SHP-00017,Ahmedabad,Delhi,604,truck_small,diesel,7.09,11.32,2025-06-02
SHP-00018,Delhi,Delhi,291,truck_small,diesel,4.63,13.54,2025-11-02
SHP-00019,Pune,Delhi,799,truck_small,diesel,7.42,14.86,2025-04-12
SHP-00020,Bangalore,Mumbai,479,truck_small,diesel,6.2,10.04,2025-03-14
SHP-00021,Bangalore,Chennai,445,truck_medium,diesel,19.09,22.06,2025-12-31
SHP-00022,Hyderabad,Delhi,339,truck_large,petrol,16.73,26.98,2025-04-09
SHP-00023,Hyderabad,Mumbai,965,truck_small,diesel,9.98,12.04,2025-03-13
SHP-00024,Bangalore,Mumbai,453,truck_medium,diesel,10.81,15.55,2025-07-18
SHP-00025,Ahmedabad,Chennai,389,truck_medium,diesel,20.58,23.57,2025-06-24
SHP-00026,Delhi,Ahmedabad,406,truck_large,petrol,13.31,23.37,2025-03-26
SHP-00027,Mumbai,Hyderabad,660,truck_medium,diesel,14.63,14.93,2025-04-05
SHP-00028,Mumbai,Pune,602,truck_small,diesel,5.21,10.58,2025-09-25
SHP-00029,Pune,Chennai,618,truck_medium,diesel,9.93,22.47,2025-11-20
SHP-00030,Bangalore,Pune,625,truck_small,diesel,4.93,13.62,2025-07-30
SHP-00031,Chennai,Ahmedabad,1600,truck_large,petrol,25.0,28.07,2026-01-21
SHP-00032,Hyderabad,Chennai,394,truck_medium,diesel,15.5,21.3,2026-03-05
SHP-00033,Chennai,Mumbai,372,truck_medium,petrol,10.06,19.36,2025-11-17
SHP-00034,Hyderabad,Chennai,315,truck_small,diesel,12.75,15.84,2025-10-04
SHP-00035,Mumbai,Hyderabad,691,truck_medium,diesel,12.52,17.79,2025-10-08
SHP-00036,Delhi,Hyderabad,917,truck_large,petrol,23.83,25.52,2026-02-28
SHP-00037,Ahmedabad,Chennai,463,truck_medium,diesel,6.72,22.29,2025-09-27
SHP-00038,Chennai,Mumbai,310,truck_medium,diesel,10.75,20.19,2025-04-17
SHP-00039,Delhi,Bangalore,313,truck_large,petrol,14.22,28.62,2026-01-27
SHP-00040,Bangalore,Chennai,705,truck_large,diesel,5.79,25.77,2025-12-05
SHP-00041,Bangalore,Pune,742,truck_small,diesel,10.97,14.23,2025-12-06
SHP-00042,Delhi,Chennai,664,truck_medium,petrol,7.68,14.46,2026-01-15
SHP-00043,Bangalore,Pune,342,truck_medium,diesel,11.61,16.28,2025-05-23
SHP-00044,Pune,Chennai,560,truck_medium,diesel,16.55,16.89,2025-07-26
SHP-00045,Mumbai,Hyderabad,525,truck_small,diesel,5.41,10.48,2025-04-17
SHP-00046,Bangalore,Ahmedabad,556,truck_small,diesel,5.75,11.4,2025-08-11
SHP-00047,Chennai,Ahmedabad,796,truck_large,diesel,12.63,21.01,2025-04-15
SHP-00048,Chennai,Pune,557,truck_large,diesel,17.26,22.78,2025-11-22
SHP-00049,Ahmedabad,Delhi,716,truck_large,diesel,12.6,26.36,2025-06-18
SHP-00050,Ahmedabad,Delhi,511,truck_large,diesel,11.03,23.65,2025-05-24
SHP-00051,Bangalore,Hyderabad,578,truck_medium,diesel,13.63,17.7,2025-12-05
SHP-00052,Chennai,Ahmedabad,697,truck_medium,diesel,10.44,16.1,2025-08-20
SHP-00053,Mumbai,Hyderabad,221,truck_medium,diesel,3.53,16.67,2025-09-22
SHP-00054,Hyderabad,Bangalore,413,truck_medium,diesel,8.4,23.37,2025-12-31
SHP-00055,Delhi,Bangalore,380,truck_medium,diesel,17.41,20.48,2026-01-24
SHP-00056,Mumbai,Hyderabad,347,truck_small,diesel,8.9,13.65,2026-02-01
SHP-00057,Hyderabad,Mumbai,424,truck_medium,petrol,6.96,15.71,2026-02-17
SHP-00058,Delhi,Mumbai,1121,truck_small,diesel,7.89,14.37,2026-01-29
SHP-00059,Chennai,Bangalore,306,truck_small,diesel,6.39,10.98,2025-04-08
SHP-00060,Mumbai,Pune,839,truck_medium,petrol,12.67,17.79,2025-08-11
SHP-00061,Pune,Hyderabad,195,truck_medium,diesel,8.02,23.9,2026-02-26
SHP-00062,Pune,Ahmedabad,410,truck_small,diesel,5.93,13.84,2025-10-15
SHP-00063,Hyderabad,Bangalore,539,truck_large,diesel,16.09,25.57,2025-07-06
SHP-00064,Pune,Chennai,680,truck_large,diesel,15.09,26.85,2025-04-04
SHP-00065,Chennai,Ahmedabad,729,truck_small,diesel,10.28,15.06,2025-07-09
SHP-00066,Delhi,Chennai,762,truck_small,diesel,5.26,14.66,2025-04-19
SHP-00067,Delhi,Chennai,407,truck_small,diesel,7.33,11.37,2025-10-14
SHP-00068,Delhi,Pune,382,truck_medium,diesel,11.12,14.32,2025-05-04
SHP-00069,Delhi,Ahmedabad,790,truck_large,petrol,15.46,23.15,2025-10-24
SHP-00070,Bangalore,Mumbai,444,truck_small,diesel,7.02,11.61,2026-01-13
SHP-00071,Delhi,Pune,244,truck_medium,diesel,9.07,16.11,2026-01-11
SHP-00072,Hyderabad,Bangalore,264,truck_small,diesel,6.73,15.66,2025-04-03
SHP-00073,Delhi,Hyderabad,297,truck_medium,petrol,12.91,22.76,2025-08-11
SHP-00074,Hyderabad,Pune,648,truck_large,diesel,18.68,23.15,2026-02-10
SHP-00075,Bangalore,Ahmedabad,533,truck_small,diesel,7.78,13.93,2026-02-05
SHP-00076,Hyderabad,Pune,720,truck_small,diesel,5.19,12.37,2025-06-03
SHP-00077,Chennai,Chennai,390,truck_medium,diesel,11.38,23.15,2025-05-06
SHP-00078,Ahmedabad,Bangalore,538,truck_medium,diesel,11.45,18.59,2025-03-12
SHP-00079,Chennai,Bangalore,695,truck_large,diesel,11.61,22.65,2026-03-03
SHP-00080,Bangalore,Chennai,416,truck_large,diesel,15.0,22.47,2025-05-15
SHP-00081,Hyderabad,Hyderabad,633,truck_small,petrol,9.01,13.37,2026-02-28
SHP-00082,Hyderabad,Delhi,342,truck_small,diesel,8.57,11.58,2025-03-11
SHP-00083,Chennai,Pune,404,truck_medium,diesel,16.6,19.85,2025-05-28
SHP-00084,Chennai,Mumbai,399,truck_small,diesel,11.68,15.39,2025-11-15
SHP-00085,Chennai,Ahmedabad,255,truck_large,diesel,9.88,23.99,2025-08-30
SHP-00086,Bangalore,Bangalore,644,truck_medium,diesel,6.76,16.19,2025-11-28
SHP-00087,Bangalore,Pune,381,truck_small,diesel,9.06,15.99,2025-11-25
SHP-00088,Ahmedabad,Chennai,496,truck_large,diesel,12.52,25.1,2025-07-16
SHP-00089,Hyderabad,Delhi,642,truck_small,diesel,3.96,10.55,2025-05-30
SHP-00090,Mumbai,Ahmedabad,630,truck_medium,diesel,7.24,14.47,2025-09-12
SHP-00091,Ahmedabad,Hyderabad,710,truck_medium,diesel,7.47,15.1,2025-05-09
SHP-00092,Hyderabad,Mumbai,467,truck_medium,diesel,9.31,20.27,2025-07-21
SHP-00093,Mumbai,Pune,390,truck_medium,diesel,11.47,21.92,2025-05-05
SHP-00094,Pune,Mumbai,472,truck_medium,diesel,14.43,18.22,2025-03-21
SHP-00095,Hyderabad,Ahmedabad,195,truck_large,diesel,12.71,20.64,2025-08-24
SHP-00096,Ahmedabad,Hyderabad,222,truck_large,diesel,23.34,23.82,2025-10-11
SHP-00097,Chennai,Bangalore,238,truck_medium,diesel,14.63,23.96,2025-07-23
SHP-00098,Chennai,Pune,285,truck_small,petrol,6.95,13.17,2025-11-29
SHP-00099,Bangalore,Hyderabad,614,truck_medium,petrol,13.77,23.71,2025-04-07
SHP-00100,Bangalore,Ahmedabad,299,truck_large,diesel,17.91,28.61,2025-07-18
SHP-00101,Hyderabad,Chennai,400,truck_small,diesel,6.63,10.07,2026-03-05
SHP-00102,Pune,Bangalore,1007,truck_medium,diesel,20.23,21.21,2025-12-26
SHP-00103,Ahmedabad,Chennai,405,truck_medium,diesel,8.91,20.82,2026-01-21
SHP-00104,Pune,Pune,739,truck_small,diesel,9.71,13.22,2025-04-14
SHP-00105,Hyderabad,Delhi,295,truck_medium,diesel,10.29,16.67,2025-11-15
SHP-00106,Chennai,Delhi,440,truck_medium,petrol,6.07,20.41,2025-10-25
SHP-00107,Bangalore,Chennai,292,truck_medium,diesel,10.87,15.12,2025-11-22
SHP-00108,Pune,Mumbai,409,truck_large,diesel,19.68,24.35,2025-09-06
SHP-00109,Bangalore,Ahmedabad,782,truck_large,diesel,10.45,24.54,2025-04-03
SHP-00110,Delhi,Bangalore,191,truck_medium,diesel,13.62,23.54,2025-11-16
SHP-00111,Ahmedabad,Pune,626,truck_small,petrol,4.11,15.26,2025-12-21
SHP-00112,Hyderabad,Pune,562,truck_medium,diesel,5.88,16.63,2025-05-30
SHP-00113,Bangalore,Chennai,355,truck_large,petrol,19.22,25.01,2025-09-10
SHP-00114,Ahmedabad,Pune,222,truck_medium,diesel,7.83,15.79,2025-05-25
SHP-00115,Ahmedabad,Mumbai,513,truck_large,diesel,11.08,29.13,2025-07-14
SHP-00116,Bangalore,Mumbai,368,truck_small,diesel,9.46,15.22,2025-04-27
SHP-00117,Chennai,Pune,560,truck_large,diesel,11.17,22.98,2025-12-24
SHP-00118,Chennai,Hyderabad,499,truck_small,diesel,6.85,13.83,2026-02-14
SHP-00119,Hyderabad,Chennai,1189,truck_small,diesel,9.73,13.65,2025-05-04
SHP-00120,Ahmedabad,Chennai,432,truck_medium,diesel,5.76,15.53,2025-06-30
SHP-00121,Chennai,Bangalore,281,truck_small,petrol,6.08,14.58,2025-11-21
SHP-00122,Pune,Hyderabad,544,truck_small,diesel,8.05,13.24,2025-03-07
SHP-00123,Hyderabad,Ahmedabad,556,truck_small,diesel,11.07,14.67,2025-03-28
SHP-00124,Ahmedabad,Ahmedabad,1041,truck_medium,diesel,15.5,19.3,2025-03-12
SHP-00125,Bangalore,Mumbai,780,truck_medium,diesel,6.45,14.01,2025-07-09
SHP-00126,Bangalore,Pune,600,truck_small,diesel,8.94,11.94,2025-03-29
SHP-00127,Bangalore,Mumbai,1102,truck_medium,diesel,6.23,14.19,2025-11-02
SHP-00128,Ahmedabad,Bangalore,256,truck_large,diesel,25.0,29.29,2025-09-08
SHP-00129,Hyderabad,Delhi,347,truck_small,diesel,5.74,15.27,2025-09-18
SHP-00130,Delhi,Bangalore,296,truck_small,petrol,12.28,14.99,2025-05-21
SHP-00131,Mumbai,Ahmedabad,398,truck_large,diesel,10.66,23.08,2025-06-05
SHP-00132,Chennai,Pune,231,truck_large,petrol,19.39,20.58,2025-03-24
SHP-00133,Pune,Bangalore,699,truck_medium,diesel,15.64,22.78,2025-12-14
SHP-00134,Chennai,Ahmedabad,436,truck_large,diesel,11.7,29.47,2026-03-06
SHP-00135,Chennai,Delhi,219,truck_small,diesel,5.11,10.51,2026-02-04
SHP-00136,Pune,Bangalore,282,truck_medium,diesel,13.59,18.86,2025-10-06
SHP-00137,Chennai,Pune,585,truck_medium,diesel,11.3,14.69,2025-06-28
SHP-00138,Ahmedabad,Pune,781,truck_small,diesel,8.26,14.56,2025-08-17
SHP-00139,Hyderabad,Ahmedabad,1478,truck_medium,diesel,12.74,21.66,2025-07-11
SHP-00140,Pune,Hyderabad,2000,truck_medium,diesel,10.95,15.28,2025-10-05
SHP-00141,Pune,Chennai,619,truck_medium,diesel,11.32,18.75,2025-08-16
SHP-00142,Hyderabad,Pune,286,truck_medium,diesel,6.77,19.5,2025-07-22
SHP-00143,Mumbai,Pune,153,truck_medium,diesel,7.22,16.65,2025-04-14
SHP-00144,Bangalore,Ahmedabad,571,truck_small,diesel,9.48,15.23,2025-12-23
SHP-00145,Mumbai,Hyderabad,315,truck_small,petrol,10.02,12.54,2025-09-12
SHP-00146,Chennai,Hyderabad,392,truck_medium,diesel,14.04,16.12,2025-05-06
SHP-00147,Delhi,Chennai,352,truck_small,petrol,9.54,13.24,2025-11-18
SHP-00148,Chennai,Bangalore,456,truck_small,diesel,9.08,14.38,2026-02-13
SHP-00149,Bangalore,Chennai,886,truck_small,diesel,8.01,11.21,2025-04-01
SHP-00150,Mumbai,Delhi,537,truck_small,diesel,5.46,11.87,2025-06-05
SHP-00151,Mumbai,Chennai,452,truck_large,diesel,16.54,29.95,2025-06-28
SHP-00152,Chennai,Mumbai,279,truck_medium,diesel,8.85,20.5,2025-11-25
SHP-00153,Mumbai,Pune,196,truck_large,diesel,8.66,24.38,2025-03-29
SHP-00154,Pune,Hyderabad,377,truck_small,diesel,8.39,13.11,2025-09-27
SHP-00155,Pune,Ahmedabad,478,truck_medium,petrol,9.33,15.21,2025-04-10
SHP-00156,Hyderabad,Chennai,1303,truck_medium,diesel,11.44,16.25,2025-10-30
SHP-00157,Delhi,Delhi,529,truck_medium,diesel,11.79,17.38,2025-07-28
SHP-00158,Pune,Delhi,846,truck_large,diesel,16.14,25.88,2025-08-12
SHP-00159,Hyderabad,Chennai,374,truck_large,diesel,15.17,22.3,2025-08-20
SHP-00160,Bangalore,Mumbai,257,truck_large,diesel,12.71,22.2,2025-04-19
SHP-00161,Mumbai,Chennai,290,truck_small,diesel,6.82,10.43,2025-12-14
SHP-00162,Chennai,Chennai,331,truck_small,diesel,6.2,13.79,2025-10-25
SHP-00163,Pune,Ahmedabad,1589,truck_medium,diesel,10.53,16.29,2025-03-10
SHP-00164,Mumbai,Bangalore,314,truck_small,diesel,10.81,15.43,2025-09-10
SHP-00165,Mumbai,Hyderabad,781,truck_medium,diesel,10.38,22.6,2025-06-16
SHP-00166,Bangalore,Pune,300,truck_medium,diesel,8.67,14.71,2025-08-02
SHP-00167,Chennai,Bangalore,823,truck_medium,petrol,7.66,16.38,2025-12-19
SHP-00168,Chennai,Chennai,609,truck_large,petrol,12.95,26.69,2025-08-08
SHP-00169,Bangalore,Chennai,452,truck_medium,diesel,6.09,16.14,2026-01-18
SHP-00170,Delhi,Mumbai,482,truck_small,diesel,8.72,10.79,2025-07-08
SHP-00171,Mumbai,Ahmedabad,344,truck_small,diesel,12.05,15.61,2025-10-29
SHP-00172,Mumbai,Chennai,630,truck_medium,diesel,13.34,19.71,2025-09-10
SHP-00173,Mumbai,Ahmedabad,384,truck_medium,diesel,17.51,18.73,2026-01-02
SHP-00174,Hyderabad,Bangalore,251,truck_small,diesel,8.03,14.71,2025-11-13
SHP-00175,Pune,Ahmedabad,244,truck_medium,diesel,21.63,22.07,2025-06-14
SHP-00176,Chennai,Chennai,542,truck_medium,petrol,8.57,15.9,2025-12-10
SHP-00177,Mumbai,Bangalore,1174,truck_large,diesel,13.13,20.97,2025-07-09
SHP-00178,Bangalore,Pune,538,truck_medium,petrol,9.31,18.31,2025-05-22
SHP-00179,Ahmedabad,Bangalore,462,truck_medium,diesel,11.8,18.24,2025-03-09
SHP-00180,Delhi,Ahmedabad,577,truck_small,petrol,9.35,12.8,2025-10-01
SHP-00181,Chennai,Hyderabad,1011,truck_medium,diesel,11.91,21.29,2025-03-18
SHP-00182,Chennai,Ahmedabad,556,truck_small,diesel,12.63,14.04,2025-07-03
SHP-00183,Bangalore,Bangalore,393,truck_medium,petrol,14.85,23.84,2025-12-08
SHP-00184,Chennai,Hyderabad,905,truck_medium,petrol,9.42,14.98,2025-08-30
SHP-00185,Chennai,Bangalore,624,truck_small,diesel,5.17,12.42,2026-01-25
SHP-00186,Chennai,Ahmedabad,1147,truck_small,diesel,7.89,12.04,2026-02-24
SHP-00187,Pune,Ahmedabad,545,truck_small,diesel,8.43,15.17,2025-03-10
SHP-00188,Hyderabad,Hyderabad,251,truck_large,diesel,10.58,22.49,2025-08-24
SHP-00189,Mumbai,Mumbai,232,truck_medium,diesel,7.0,15.9,2025-03-06
SHP-00190,Mumbai,Ahmedabad,1222,truck_small,petrol,12.44,12.69,2026-02-05
SHP-00191,Bangalore,Chennai,1272,truck_large,diesel,12.9,24.22,2025-09-14
SHP-00192,Ahmedabad,Bangalore,446,truck_medium,diesel,5.33,16.79,2025-08-10
SHP-00193,Mumbai,Bangalore,399,truck_medium,diesel,7.5,16.5,2025-04-28
SHP-00194,Mumbai,Hyderabad,1101,truck_large,diesel,16.68,29.23,2025-06-19
SHP-00195,Hyderabad,Delhi,268,truck_small,diesel,8.59,12.66,2025-12-02
SHP-00196,Chennai,Bangalore,301,truck_small,diesel,10.31,15.17,2025-07-05
SHP-00197,Delhi,Mumbai,702,truck_medium,diesel,13.68,19.5,2025-10-06
SHP-00198,Delhi,Pune,397,truck_small,diesel,4.78,10.3,2025-11-12
SHP-00199,Hyderabad,Pune,491,truck_medium,petrol,15.38,23.99,2025-04-05
SHP-00200,Chennai,Bangalore,450,truck_small,diesel,6.34,15.02,2025-05-17
SHP-00201,Hyderabad,Pune,593,truck_small,petrol,7.41,15.81,2026-03-05
SHP-00202,Delhi,Hyderabad,1069,truck_small,diesel,6.45,15.56,2025-07-27
SHP-00203,Chennai,Delhi,518,truck_medium,diesel,8.23,22.49,2025-04-22
SHP-00204,Ahmedabad,Hyderabad,702,truck_small,diesel,8.49,11.0,2025-03-28
SHP-00205,Bangalore,Delhi,160,truck_small,diesel,9.09,12.91,2025-07-02
SHP-00206,Bangalore,Mumbai,480,truck_large,diesel,16.73,22.14,2025-11-27
SHP-00207,Delhi,Ahmedabad,310,truck_small,diesel,7.29,12.41,2025-10-03
SHP-00208,Hyderabad,Chennai,252,truck_medium,diesel,10.5,14.59,2026-02-27
SHP-00209,Mumbai,Ahmedabad,304,truck_small,diesel,3.23,12.27,2025-09-12
SHP-00210,Delhi,Bangalore,410,truck_medium,diesel,17.54,23.85,2025-10-26
SHP-00211,Hyderabad,Bangalore,815,truck_small,diesel,7.09,11.59,2025-04-18
SHP-00212,Mumbai,Mumbai,238,truck_medium,diesel,15.13,21.84,2025-12-28
SHP-00213,Ahmedabad,Delhi,501,truck_small,diesel,8.25,12.73,2025-04-23
SHP-00214,Bangalore,Pune,378,truck_large,diesel,9.75,24.23,2025-11-19
SHP-00215,Bangalore,Bangalore,411,truck_large,diesel,9.18,29.57,2025-05-13
SHP-00216,Chennai,Bangalore,855,truck_small,diesel,7.22,15.97,2026-01-26
SHP-00217,Hyderabad,Pune,662,truck_small,diesel,9.09,13.33,2025-09-23
SHP-00218,Chennai,Delhi,1028,truck_small,diesel,10.08,14.31,2025-04-13
SHP-00219,Ahmedabad,Hyderabad,453,truck_medium,diesel,5.19,15.55,2026-01-03
SHP-00220,Ahmedabad,Bangalore,336,truck_small,petrol,4.75,11.78,2025-12-21
SHP-00221,Delhi,Hyderabad,436,truck_large,diesel,13.36,29.69,2025-04-06
SHP-00222,Hyderabad,Pune,563,truck_medium,petrol,10.21,19.79,2025-10-14
SHP-00223,Bangalore,Bangalore,543,truck_large,diesel,8.51,25.42,2026-02-08
SHP-00224,Ahmedabad,Hyderabad,271,truck_medium,diesel,6.96,21.48,2025-05-11
SHP-00225,Delhi,Chennai,518,truck_large,diesel,8.89,20.57,2025-07-05
SHP-00226,Bangalore,Delhi,559,truck_small,diesel,8.05,13.51,2025-08-02
SHP-00227,Hyderabad,Pune,1968,truck_medium,petrol,6.99,19.03,2025-07-17
SHP-00228,Pune,Chennai,1383,truck_small,diesel,8.45,15.12,2025-08-14
SHP-00229,Mumbai,Bangalore,308,truck_large,diesel,16.62,21.57,2025-09-23
SHP-00230,Chennai,Bangalore,421,truck_medium,diesel,8.16,23.61,2026-02-27
SHP-00231,Bangalore,Bangalore,220,truck_large,diesel,11.29,20.8,2025-08-20
SHP-00232,Hyderabad,Chennai,356,truck_small,diesel,8.49,11.11,2025-08-15
SHP-00233,Chennai,Delhi,586,truck_large,diesel,13.1,25.95,2025-10-23
SHP-00234,Ahmedabad,Mumbai,956,truck_medium,diesel,9.89,20.75,2025-07-23
SHP-00235,Ahmedabad,Mumbai,330,truck_medium,petrol,12.91,16.35,2025-07-03
SHP-00236,Hyderabad,Mumbai,344,truck_large,diesel,11.13,21.2,2025-04-13
SHP-00237,Hyderabad,Ahmedabad,151,truck_medium,diesel,17.83,22.9,2025-06-17
SHP-00238,Ahmedabad,Delhi,451,truck_medium,diesel,10.82,16.46,2025-05-14
SHP-00239,Delhi,Chennai,275,truck_medium,diesel,10.34,19.95,2025-12-30
SHP-00240,Pune,Pune,368,truck_small,petrol,9.14,13.72,2025-04-30
SHP-00241,Pune,Delhi,304,truck_small,diesel,7.98,12.52,2025-05-24
SHP-00242,Mumbai,Hyderabad,468,truck_small,diesel,10.31,13.5,2025-04-29
SHP-00243,Ahmedabad,Mumbai,187,truck_small,diesel,6.32,13.14,2025-05-29
SHP-00244,Hyderabad,Hyderabad,220,truck_large,petrol,17.24,29.35,2025-10-22
SHP-00245,Bangalore,Delhi,1589,truck_medium,diesel,9.13,16.04,2025-10-30
SHP-00246,Chennai,Pune,243,truck_medium,diesel,14.95,21.16,2025-08-13
SHP-00247,Chennai,Chennai,270,truck_medium,diesel,6.48,16.39,2025-09-30
SHP-00248,Ahmedabad,Chennai,1353,truck_medium,diesel,13.7,17.96,2025-05-06
SHP-00249,Ahmedabad,Bangalore,2000,truck_medium,diesel,13.76,20.72,2025-12-05
SHP-00250,Pune,Mumbai,259,truck_large,diesel,7.89,23.0,2025-09-05
SHP-00251,Hyderabad,Chennai,402,truck_large,diesel,18.47,23.16,2025-06-20
SHP-00252,Mumbai,Pune,595,truck_medium,petrol,21.09,21.52,2025-10-23
SHP-00253,Ahmedabad,Mumbai,1275,truck_small,diesel,7.94,10.44,2025-08-10
SHP-00254,Mumbai,Hyderabad,286,truck_medium,diesel,15.55,18.58,2025-10-29
SHP-00255,Delhi,Mumbai,431,truck_medium,diesel,14.28,23.98,2025-07-19
SHP-00256,Mumbai,Pune,756,truck_medium,petrol,6.73,23.96,2025-05-06
SHP-00257,Ahmedabad,Delhi,626,truck_medium,diesel,3.65,14.73,2025-04-21
SHP-00258,Chennai,Mumbai,401,truck_medium,diesel,10.1,16.13,2025-05-25
SHP-00259,Delhi,Bangalore,458,truck_small,diesel,5.49,11.59,2026-02-20
SHP-00260,Mumbai,Bangalore,231,truck_small,diesel,6.48,15.6,2025-08-08
SHP-00261,Bangalore,Mumbai,432,truck_medium,diesel,12.97,22.81,2026-03-01
SHP-00262,Pune,Bangalore,426,truck_small,diesel,10.56,15.28,2026-02-25
SHP-00263,Ahmedabad,Hyderabad,560,truck_small,diesel,3.89,12.22,2026-01-08
SHP-00264,Chennai,Pune,363,truck_medium,diesel,7.78,15.58,2025-03-26
SHP-00265,Hyderabad,Chennai,639,truck_medium,diesel,19.03,22.34,2025-06-24
SHP-00266,Pune,Mumbai,860,truck_small,petrol,5.5,14.22,2025-08-20
SHP-00267,Ahmedabad,Bangalore,537,truck_medium,diesel,14.82,20.12,2025-05-20
SHP-00268,Delhi,Mumbai,598,truck_medium,diesel,11.76,23.87,2025-04-21
SHP-00269,Ahmedabad,Mumbai,507,truck_small,diesel,9.44,13.92,2026-03-05
SHP-00270,Chennai,Ahmedabad,493,truck_large,diesel,15.61,20.08,2025-07-11
SHP-00271,Ahmedabad,Mumbai,331,truck_large,diesel,20.1,28.17,2025-09-04
SHP-00272,Mumbai,Ahmedabad,586,truck_medium,diesel,12.63,16.99,2025-09-24
SHP-00273,Mumbai,Bangalore,467,truck_medium,diesel,7.69,20.63,2025-11-23
SHP-00274,Ahmedabad,Hyderabad,1558,truck_small,diesel,12.2,15.63,2025-03-31
SHP-00275,Hyderabad,Ahmedabad,1171,truck_large,petrol,9.1,21.34,2026-02-15
SHP-00276,Delhi,Ahmedabad,609,truck_medium,petrol,9.49,15.15,2025-08-06
SHP-00277,Ahmedabad,Pune,324,truck_large,diesel,13.2,21.07,2025-07-17
SHP-00278,Mumbai,Bangalore,267,truck_medium,diesel,13.03,19.53,2025-06-03
SHP-00279,Hyderabad,Mumbai,949,truck_small,diesel,7.45,11.63,2025-03-21
SHP-00280,Delhi,Hyderabad,569,truck_small,diesel,5.84,13.63,2025-09-29
SHP-00281,Mumbai,Bangalore,642,truck_medium,diesel,7.14,21.18,2025-10-23
SHP-00282,Pune,Delhi,189,truck_medium,diesel,11.82,16.04,2025-12-15
SHP-00283,Pune,Bangalore,821,truck_small,diesel,8.47,13.81,2025-12-12
SHP-00284,Mumbai,Mumbai,633,truck_medium,diesel,13.09,16.64,2025-07-11
SHP-00285,Mumbai,Pune,268,truck_large,petrol,14.24,24.89,2025-04-23
SHP-00286,Hyderabad,Mumbai,380,truck_medium,diesel,7.54,23.05,2025-10-28
SHP-00287,Mumbai,Bangalore,570,truck_medium,diesel,16.93,22.46,2025-04-27
SHP-00288,Pune,Mumbai,507,truck_small,diesel,5.42,10.55,2025-05-16
SHP-00289,Ahmedabad,Bangalore,420,truck_medium,diesel,11.7,18.24,2025-05-07
SHP-00290,Pune,Bangalore,465,truck_small,diesel,5.4,11.66,2025-03-12
SHP-00291,Delhi,Hyderabad,429,truck_large,petrol,17.55,20.04,2025-04-06
SHP-00292,Delhi,Hyderabad,536,truck_medium,diesel,9.17,21.71,2025-06-27
SHP-00293,Hyderabad,Delhi,1107,truck_medium,diesel,10.58,20.37,2025-05-11
SHP-00294,Mumbai,Hyderabad,120,truck_small,diesel,6.93,11.57,2025-06-15
SHP-00295,Chennai,Pune,433,truck_small,diesel,5.54,14.45,2025-09-27
SHP-00296,Chennai,Mumbai,543,truck_medium,diesel,12.48,19.52,2025-09-12
SHP-00297,Pune,Mumbai,580,truck_medium,diesel,15.91,18.28,2026-02-20
SHP-00298,Delhi,Bangalore,402,truck_medium,diesel,6.93,14.1,2026-01-22
SHP-00299,Pune,Bangalore,188,truck_large,diesel,13.51,20.75,2026-01-30
SHP-00300,Hyderabad,Bangalore,590,truck_large,diesel,4.32,28.83,2025-04-18
SHP-00301,Delhi,Chennai,1274,truck_large,diesel,16.64,29.04,2025-12-29
SHP-00302,Bangalore,Ahmedabad,212,truck_small,petrol,6.95,13.27,2025-12-31
SHP-00303,Mumbai,Ahmedabad,792,truck_medium,diesel,9.67,22.35,2025-07-16
SHP-00304,Chennai,Hyderabad,411,truck_large,diesel,20.01,25.83,2025-04-13
SHP-00305,Delhi,Chennai,476,truck_medium,diesel,8.07,15.48,2025-03-17
SHP-00306,Mumbai,Hyderabad,276,truck_small,diesel,5.9,10.76,2025-04-08
SHP-00307,Chennai,Mumbai,410,truck_large,diesel,11.82,23.08,2025-06-15
SHP-00308,Chennai,Ahmedabad,1007,truck_medium,diesel,5.4,22.99,2026-01-30
SHP-00309,Mumbai,Pune,679,truck_medium,diesel,8.26,21.96,2025-10-19
SHP-00310,Delhi,Ahmedabad,1278,truck_large,diesel,21.54,28.61,2025-05-10
SHP-00311,Mumbai,Delhi,942,truck_medium,diesel,4.6,22.99,2025-04-22
SHP-00312,Hyderabad,Pune,627,truck_medium,petrol,7.12,16.1,2025-08-22
SHP-00313,Bangalore,Hyderabad,1286,truck_medium,diesel,8.38,16.5,2025-05-07
SHP-00314,Mumbai,Delhi,627,truck_medium,diesel,13.43,15.03,2025-03-27
SHP-00315,Delhi,Ahmedabad,777,truck_small,diesel,10.55,14.68,2025-10-28
SHP-00316,Ahmedabad,Chennai,419,truck_medium,diesel,10.96,22.84,2025-03-31
SHP-00317,Delhi,Delhi,511,truck_large,petrol,19.6,24.06,2025-05-31
SHP-00318,Hyderabad,Delhi,336,truck_small,diesel,6.13,13.72,2025-12-24
SHP-00319,Chennai,Bangalore,849,truck_small,diesel,8.32,10.93,2025-10-13
SHP-00320,Delhi,Mumbai,258,truck_large,diesel,9.83,29.3,2025-09-24
SHP-00321,Bangalore,Pune,758,truck_small,diesel,11.74,15.19,2025-11-15
SHP-00322,Mumbai,Chennai,444,truck_medium,diesel,12.04,23.76,2025-03-21
SHP-00323,Pune,Delhi,938,truck_medium,diesel,8.73,22.11,2025-09-17
SHP-00324,Bangalore,Bangalore,745,truck_medium,petrol,12.34,22.81,2026-02-18
SHP-00325,Chennai,Delhi,1341,truck_small,diesel,6.39,10.15,2025-10-10
SHP-00326,Delhi,Hyderabad,737,truck_medium,diesel,10.49,21.37,2025-06-02
SHP-00327,Pune,Pune,208,truck_medium,diesel,11.77,17.32,2025-09-03
SHP-00328,Delhi,Chennai,475,truck_medium,diesel,11.07,23.31,2025-06-23
SHP-00329,Chennai,Delhi,259,truck_small,petrol,10.24,14.81,2025-06-09
SHP-00330,Ahmedabad,Ahmedabad,371,truck_medium,diesel,14.93,22.64,2025-07-24
SHP-00331,Hyderabad,Chennai,1131,truck_medium,diesel,12.58,22.11,2025-07-27
SHP-00332,Hyderabad,Delhi,700,truck_small,diesel,5.81,11.6,2025-10-20
SHP-00333,Ahmedabad,Chennai,335,truck_small,diesel,8.94,14.72,2025-05-21
SHP-00334,Delhi,Ahmedabad,282,truck_small,diesel,7.23,10.65,2025-03-23
SHP-00335,Ahmedabad,Mumbai,502,truck_small,diesel,14.49,15.23,2026-01-14
SHP-00336,Chennai,Bangalore,252,truck_small,diesel,11.35,15.15,2026-01-17
SHP-00337,Bangalore,Ahmedabad,341,truck_large,diesel,16.79,22.22,2026-01-15
SHP-00338,Delhi,Pune,585,truck_medium,diesel,21.73,22.17,2025-07-09
SHP-00339,Pune,Bangalore,930,truck_large,diesel,16.55,24.6,2026-01-31
SHP-00340,Ahmedabad,Pune,689,truck_large,diesel,15.38,23.05,2025-08-04
SHP-00341,Hyderabad,Ahmedabad,140,truck_small,diesel,10.44,14.77,2025-11-16
SHP-00342,Mumbai,Chennai,583,truck_medium,petrol,6.49,16.28,2025-10-02
SHP-00343,Chennai,Mumbai,513,truck_large,diesel,10.12,20.24,2025-12-12
SHP-00344,Pune,Pune,619,truck_medium,diesel,7.79,15.93,2025-11-06
SHP-00345,Bangalore,Delhi,1199,truck_medium,diesel,12.04,17.28,2025-04-06
SHP-00346,Pune,Mumbai,158,truck_medium,diesel,12.42,22.64,2025-04-19
SHP-00347,Hyderabad,Pune,356,truck_small,diesel,9.56,15.8,2025-07-27
SHP-00348,Mumbai,Pune,682,truck_medium,diesel,13.02,16.79,2025-09-18
SHP-00349,Chennai,Mumbai,206,truck_large,diesel,19.42,26.41,2025-05-15
SHP-00350,Delhi,Hyderabad,1110,truck_large,diesel,13.22,24.0,2025-10-06
SHP-00351,Chennai,Chennai,603,truck_small,diesel,7.3,15.89,2025-06-16
SHP-00352,Bangalore,Pune,785,truck_medium,petrol,15.19,19.36,2026-01-29
SHP-00353,Pune,Chennai,360,truck_small,diesel,11.25,15.64,2025-11-30
SHP-00354,Ahmedabad,Mumbai,771,truck_large,diesel,6.15,21.15,2025-07-11
SHP-00355,Chennai,Bangalore,887,truck_small,diesel,8.28,15.82,2026-01-22
SHP-00356,Chennai,Hyderabad,560,truck_large,diesel,13.29,21.79,2025-12-09
SHP-00357,Hyderabad,Pune,561,truck_large,diesel,21.34,29.63,2025-03-15
SHP-00358,Hyderabad,Pune,572,truck_small,diesel,8.62,11.59,2025-09-17
SHP-00359,Hyderabad,Delhi,306,truck_small,diesel,6.72,10.65,2026-03-06
SHP-00360,Pune,Delhi,454,truck_large,diesel,16.69,24.35,2025-09-05
SHP-00361,Ahmedabad,Mumbai,453,truck_small,petrol,8.5,14.37,2025-11-06
SHP-00362,Pune,Hyderabad,608,truck_medium,diesel,7.86,17.14,2025-12-09
SHP-00363,Mumbai,Bangalore,854,truck_large,diesel,13.89,26.06,2025-11-09
SHP-00364,Chennai,Ahmedabad,275,truck_medium,diesel,11.15,19.11,2025-08-29
SHP-00365,Chennai,Pune,460,truck_medium,diesel,10.24,17.85,2025-12-20
SHP-00366,Chennai,Mumbai,1113,truck_medium,diesel,4.76,19.77,2025-11-18
SHP-00367,Chennai,Ahmedabad,327,truck_small,diesel,5.86,11.53,2025-08-17
SHP-00368,Pune,Pune,313,truck_large,diesel,15.99,27.09,2025-09-20
SHP-00369,Bangalore,Ahmedabad,551,truck_small,petrol,5.3,10.01,2025-07-22
SHP-00370,Delhi,Pune,784,truck_small,diesel,8.33,15.55,2025-06-06
SHP-00371,Chennai,Ahmedabad,496,truck_small,diesel,8.84,13.23,2025-03-19
SHP-00372,Pune,Hyderabad,1023,truck_large,diesel,10.49,27.19,2025-08-16
SHP-00373,Bangalore,Ahmedabad,789,truck_small,diesel,4.15,14.45,2026-01-05
SHP-00374,Mumbai,Pune,783,truck_large,diesel,13.82,26.71,2025-06-26
SHP-00375,Ahmedabad,Hyderabad,668,truck_medium,petrol,12.66,17.64,2025-03-21
SHP-00376,Delhi,Mumbai,1773,truck_large,diesel,18.29,20.7,2025-07-27
SHP-00377,Hyderabad,Ahmedabad,440,truck_large,petrol,19.2,26.64,2025-04-04
SHP-00378,Pune,Bangalore,164,truck_large,diesel,7.36,23.3,2025-11-02
SHP-00379,Delhi,Pune,1191,truck_large,diesel,12.45,23.14,2025-12-02
SHP-00380,Bangalore,Ahmedabad,383,truck_small,diesel,9.45,15.09,2025-09-05
SHP-00381,Delhi,Ahmedabad,523,truck_medium,diesel,12.97,21.2,2025-12-30
SHP-00382,Delhi,Ahmedabad,1013,truck_medium,diesel,11.51,17.0,2025-07-03
SHP-00383,Delhi,Delhi,204,truck_medium,diesel,7.09,17.09,2025-05-26
SHP-00384,Delhi,Ahmedabad,248,truck_large,diesel,14.25,24.08,2025-04-26
SHP-00385,Chennai,Hyderabad,204,truck_large,petrol,15.75,24.02,2025-07-10
SHP-00386,Chennai,Mumbai,318,truck_medium,diesel,12.36,16.96,2026-02-05
SHP-00387,Mumbai,Hyderabad,628,truck_medium,diesel,6.64,15.27,2025-07-07
SHP-00388,Pune,Delhi,657,truck_medium,diesel,9.43,18.2,2025-07-20
SHP-00389,Hyderabad,Delhi,574,truck_medium,diesel,3.51,23.4,2025-12-04
SHP-00390,Mumbai,Ahmedabad,227,truck_medium,petrol,9.72,20.77,2025-04-03
SHP-00391,Pune,Bangalore,138,truck_medium,diesel,11.18,23.03,2025-06-26
SHP-00392,Mumbai,Mumbai,508,truck_small,diesel,5.43,13.69,2025-12-25
SHP-00393,Chennai,Bangalore,380,truck_small,diesel,7.2,11.81,2025-09-20
SHP-00394,Chennai,Mumbai,634,truck_medium,diesel,11.1,19.48,2025-09-03
SHP-00395,Chennai,Hyderabad,725,truck_medium,diesel,2.43,14.0,2025-06-02
SHP-00396,Ahmedabad,Chennai,532,truck_large,diesel,14.15,22.87,2025-06-04
SHP-00397,Ahmedabad,Mumbai,749,truck_medium,diesel,7.56,18.3,2025-07-05
SHP-00398,Delhi,Hyderabad,559,truck_small,diesel,9.0,13.48,2026-01-03
SHP-00399,Hyderabad,Chennai,660,truck_small,diesel,4.87,13.93,2025-08-15
SHP-00400,Ahmedabad,Delhi,334,truck_small,diesel,7.49,12.79,2026-02-26
SHP-00401,Pune,Hyderabad,446,truck_large,petrol,12.92,24.42,2025-09-05
SHP-00402,Ahmedabad,Delhi,549,truck_small,diesel,7.16,11.28,2026-01-02
SHP-00403,Chennai,Hyderabad,774,truck_medium,diesel,11.28,18.73,2025-03-20
SHP-00404,Delhi,Delhi,397,truck_large,diesel,15.49,29.01,2026-03-01
SHP-00405,Chennai,Bangalore,656,truck_large,diesel,8.49,27.96,2026-02-27
SHP-00406,Pune,Mumbai,426,truck_small,petrol,3.46,11.02,2025-09-02
SHP-00407,Ahmedabad,Ahmedabad,462,truck_small,diesel,4.99,10.51,2025-12-21
SHP-00408,Hyderabad,Delhi,778,truck_small,diesel,7.57,13.09,2025-12-19
SHP-00409,Hyderabad,Bangalore,165,truck_small,diesel,6.49,13.8,2025-05-17
SHP-00410,Chennai,Bangalore,242,truck_small,diesel,8.32,12.01,2025-12-19
SHP-00411,Bangalore,Ahmedabad,218,truck_medium,diesel,11.75,22.18,2025-06-10
SHP-00412,Bangalore,Chennai,137,truck_large,diesel,11.18,27.51,2025-11-13
SHP-00413,Chennai,Mumbai,339,truck_medium,diesel,10.99,20.73,2025-12-08
SHP-00414,Pune,Bangalore,744,truck_medium,diesel,10.09,16.25,2025-08-11
SHP-00415,Chennai,Hyderabad,421,truck_small,diesel,7.14,11.19,2025-06-03
SHP-00416,Pune,Chennai,549,truck_large,diesel,18.58,20.24,2025-11-12
SHP-00417,Mumbai,Pune,897,truck_medium,diesel,7.56,16.45,2025-03-25
SHP-00418,Pune,Hyderabad,1023,truck_large,diesel,14.03,24.75,2025-04-21
SHP-00419,Chennai,Hyderabad,474,truck_large,diesel,18.72,28.5,2025-04-03
SHP-00420,Ahmedabad,Hyderabad,1037,truck_small,diesel,6.01,10.44,2025-07-03
SHP-00421,Chennai,Pune,518,truck_small,diesel,6.12,12.49,2026-01-08
SHP-00422,Chennai,Mumbai,311,truck_small,diesel,4.15,13.78,2025-06-26
SHP-00423,Mumbai,Delhi,355,truck_medium,diesel,7.78,15.94,2025-03-16
SHP-00424,Pune,Bangalore,218,truck_large,diesel,10.43,26.96,2025-11-30
SHP-00425,Hyderabad,Bangalore,302,truck_medium,diesel,5.1,18.94,2025-11-05
SHP-00426,Ahmedabad,Delhi,405,truck_medium,petrol,7.18,16.44,2025-03-06
SHP-00427,Mumbai,Hyderabad,767,truck_medium,diesel,8.05,20.56,2025-08-22
SHP-00428,Delhi,Mumbai,1270,truck_small,diesel,6.87,10.03,2026-01-14
SHP-00429,Ahmedabad,Pune,230,truck_small,diesel,9.99,14.51,2025-06-17
SHP-00430,Mumbai,Hyderabad,612,truck_medium,diesel,9.06,21.7,2025-05-11
SHP-00431,Chennai,Delhi,278,truck_medium,diesel,8.03,15.07,2025-08-27
SHP-00432,Bangalore,Pune,640,truck_medium,diesel,4.48,18.25,2025-06-04
SHP-00433,Ahmedabad,Hyderabad,458,truck_small,diesel,5.43,11.06,2025-08-18
SHP-00434,Pune,Chennai,180,truck_medium,diesel,15.37,23.58,2025-04-05
SHP-00435,Ahmedabad,Ahmedabad,821,truck_small,diesel,9.55,13.11,2025-03-17
SHP-00436,Bangalore,Chennai,353,truck_large,diesel,9.26,20.5,2025-05-20
SHP-00437,Hyderabad,Pune,367,truck_small,petrol,8.85,11.5,2025-12-31
SHP-00438,Hyderabad,Pune,274,truck_small,diesel,4.64,15.09,2026-03-01
SHP-00439,Ahmedabad,Hyderabad,344,truck_medium,diesel,6.6,18.56,2025-05-17
SHP-00440,Mumbai,Delhi,623,truck_medium,diesel,15.58,22.01,2025-05-01
SHP-00441,Ahmedabad,Pune,444,truck_medium,diesel,18.21,20.68,2025-11-30
SHP-00442,Bangalore,Hyderabad,590,truck_medium,diesel,15.97,23.88,2025-09-08
SHP-00443,Mumbai,Ahmedabad,601,truck_large,diesel,14.86,25.95,2025-04-12
SHP-00444,Hyderabad,Ahmedabad,1019,truck_medium,diesel,4.34,23.5,2025-09-13
SHP-00445,Pune,Chennai,408,truck_medium,petrol,4.95,22.91,2026-03-01
SHP-00446,Mumbai,Ahmedabad,219,truck_medium,diesel,12.14,20.13,2026-02-08
SHP-00447,Mumbai,Pune,886,truck_small,diesel,7.38,14.32,2025-09-24
SHP-00448,Ahmedabad,Pune,411,truck_medium,diesel,7.26,19.05,2025-12-31
SHP-00449,Ahmedabad,Chennai,910,truck_small,diesel,8.87,14.98,2025-04-26
SHP-00450,Delhi,Ahmedabad,608,truck_medium,diesel,11.7,19.48,2025-08-25
SHP-00451,Ahmedabad,Chennai,458,truck_small,diesel,11.53,15.38,2025-08-07
SHP-00452,Ahmedabad,Pune,597,truck_large,diesel,16.59,27.44,2025-08-18
SHP-00453,Ahmedabad,Hyderabad,1441,truck_medium,diesel,15.02,18.75,2025-05-14
SHP-00454,Delhi,Delhi,1544,truck_large,diesel,13.13,22.59,2025-05-25
SHP-00455,Hyderabad,Mumbai,512,truck_medium,diesel,9.21,16.47,2025-10-15
SHP-00456,Ahmedabad,Chennai,538,truck_small,petrol,10.67,13.83,2026-01-27
SHP-00457,Ahmedabad,Pune,891,truck_large,diesel,11.17,27.66,2025-11-10
SHP-00458,Hyderabad,Pune,309,truck_medium,diesel,18.83,19.21,2026-02-01
SHP-00459,Delhi,Hyderabad,592,truck_medium,petrol,13.13,20.27,2025-08-15
SHP-00460,Mumbai,Ahmedabad,486,truck_medium,petrol,10.86,16.75,2025-06-03
SHP-00461,Delhi,Ahmedabad,586,truck_medium,diesel,9.96,14.77,2026-03-03
SHP-00462,Mumbai,Bangalore,312,truck_large,diesel,20.98,22.86,2025-12-18
SHP-00463,Delhi,Ahmedabad,206,truck_medium,diesel,12.08,16.72,2026-02-24
SHP-00464,Mumbai,Hyderabad,158,truck_small,diesel,3.47,11.92,2026-01-14
SHP-00465,Pune,Delhi,267,truck_medium,diesel,16.15,19.4,2025-09-04
SHP-00466,Hyderabad,Pune,383,truck_medium,diesel,7.98,15.38,2025-06-28
SHP-00467,Chennai,Bangalore,419,truck_large,diesel,13.37,22.31,2026-02-09
SHP-00468,Pune,Ahmedabad,1430,truck_medium,petrol,7.32,20.94,2026-01-01
SHP-00469,Bangalore,Ahmedabad,905,truck_medium,diesel,14.21,21.06,2025-06-03
SHP-00470,Bangalore,Hyderabad,290,truck_large,diesel,9.55,20.64,2025-09-15
SHP-00471,Delhi,Bangalore,597,truck_medium,diesel,10.81,18.08,2025-08-10
SHP-00472,Chennai,Bangalore,394,truck_medium,petrol,10.28,19.43,2026-02-21
SHP-00473,Delhi,Chennai,421,truck_medium,petrol,16.83,18.16,2025-08-03
SHP-00474,Hyderabad,Ahmedabad,546,truck_small,diesel,10.53,11.24,2025-05-10
SHP-00475,Ahmedabad,Pune,693,truck_medium,diesel,10.71,18.2,2025-06-04
SHP-00476,Chennai,Hyderabad,409,truck_small,diesel,9.13,15.43,2025-03-06
SHP-00477,Bangalore,Ahmedabad,885,truck_small,diesel,6.92,13.5,2026-02-28
SHP-00478,Hyderabad,Mumbai,263,truck_medium,diesel,16.33,20.96,2025-12-24
SHP-00479,Pune,Hyderabad,494,truck_medium,diesel,11.75,22.57,2025-09-22
SHP-00480,Chennai,Hyderabad,2000,truck_large,diesel,13.95,27.66,2025-12-21
SHP-00481,Delhi,Bangalore,557,truck_small,diesel,9.29,12.28,2025-03-22
SHP-00482,Hyderabad,Bangalore,1084,truck_small,diesel,4.85,10.04,2025-06-07
SHP-00483,Delhi,Delhi,518,truck_large,diesel,13.48,23.52,2026-01-08
SHP-00484,Ahmedabad,Chennai,678,truck_small,diesel,4.29,14.52,2025-08-15
SHP-00485,Bangalore,Ahmedabad,478,truck_small,diesel,10.69,15.12,2026-01-13
SHP-00486,Bangalore,Delhi,449,truck_small,diesel,14.61,15.72,2025-06-27
SHP-00487,Pune,Bangalore,321,truck_medium,diesel,12.91,18.19,2026-01-27
SHP-00488,Mumbai,Mumbai,624,truck_large,diesel,23.17,27.48,2025-12-20
SHP-00489,Delhi,Bangalore,308,truck_medium,diesel,8.32,19.46,2025-04-28
SHP-00490,Mumbai,Ahmedabad,711,truck_medium,petrol,12.47,20.03,2025-11-15
SHP-00491,Bangalore,Delhi,895,truck_small,diesel,4.64,11.32,2025-05-17
SHP-00492,Chennai,Pune,603,truck_medium,petrol,8.73,16.19,2025-08-22
SHP-00493,Delhi,Bangalore,421,truck_medium,petrol,13.2,18.36,2025-04-14
SHP-00494,Bangalore,Hyderabad,633,truck_small,diesel,6.08,10.17,2025-07-05
SHP-00495,Pune,Chennai,416,truck_small,diesel,3.92,12.02,2025-08-30
SHP-00496,Ahmedabad,Delhi,824,truck_small,diesel,4.83,14.07,2025-08-16
SHP-00497,Mumbai,Pune,180,truck_small,diesel,4.12,12.43,2025-05-30
SHP-00498,Hyderabad,Hyderabad,410,truck_medium,diesel,10.46,15.65,2026-01-25
SHP-00499,Mumbai,Ahmedabad,165,truck_medium,diesel,17.76,18.67,2025-04-20
SHP-00500,Chennai,Chennai,217,truck_small,petrol,8.89,10.77,2026-03-03
SHP-00501,Ahmedabad,Chennai,1043,truck_medium,diesel,4.83,20.22,2026-02-12
SHP-00502,Pune,Bangalore,806,truck_medium,diesel,11.93,14.27,2026-01-27
SHP-00503,Delhi,Ahmedabad,332,truck_medium,diesel,13.43,17.94,2025-08-24
SHP-00504,Delhi,Mumbai,216,truck_large,diesel,7.74,25.64,2025-10-20
SHP-00505,Pune,Delhi,96,truck_medium,diesel,7.5,14.27,2025-03-11
SHP-00506,Pune,Ahmedabad,365,truck_large,diesel,20.54,26.43,2025-07-19
SHP-00507,Delhi,Mumbai,1865,truck_small,diesel,7.34,10.81,2025-06-21
SHP-00508,Mumbai,Mumbai,626,truck_medium,diesel,6.41,18.62,2025-07-11
SHP-00509,Chennai,Delhi,362,truck_small,diesel,7.11,10.3,2026-02-23
SHP-00510,Hyderabad,Hyderabad,636,truck_medium,diesel,3.47,17.79,2025-04-09
SHP-00511,Chennai,Hyderabad,209,truck_medium,diesel,8.7,16.12,2025-09-01
SHP-00512,Ahmedabad,Delhi,418,truck_small,petrol,9.39,11.96,2025-07-15
SHP-00513,Pune,Pune,520,truck_medium,diesel,12.61,21.61,2025-04-30
SHP-00514,Pune,Pune,470,truck_small,diesel,6.01,12.27,2025-03-06
SHP-00515,Mumbai,Mumbai,761,truck_small,diesel,10.74,14.51,2025-03-30
SHP-00516,Pune,Mumbai,596,truck_small,diesel,11.32,14.99,2025-09-19
SHP-00517,Pune,Hyderabad,712,truck_medium,diesel,13.48,16.52,2025-10-16
SHP-00518,Bangalore,Chennai,337,truck_small,diesel,7.74,10.49,2025-10-06
SHP-00519,Hyderabad,Ahmedabad,807,truck_medium,petrol,10.99,14.19,2025-05-30
SHP-00520,Pune,Chennai,1207,truck_small,diesel,9.43,13.24,2025-10-03
SHP-00521,Ahmedabad,Delhi,289,truck_medium,diesel,15.07,24.0,2025-11-13
SHP-00522,Chennai,Hyderabad,302,truck_large,diesel,14.01,23.5,2025-09-15
SHP-00523,Mumbai,Delhi,1027,truck_medium,diesel,11.01,20.5,2025-09-01
SHP-00524,Hyderabad,Ahmedabad,444,truck_medium,diesel,7.89,21.81,2025-12-10
SHP-00525,Hyderabad,Bangalore,1066,truck_large,diesel,10.82,26.52,2025-09-14
SHP-00526,Mumbai,Delhi,386,truck_large,diesel,14.58,27.54,2025-04-26
SHP-00527,Pune,Bangalore,1097,truck_medium,diesel,14.65,23.5,2025-11-06
SHP-00528,Delhi,Bangalore,530,truck_large,diesel,18.46,21.99,2025-12-26
SHP-00529,Ahmedabad,Pune,568,truck_large,diesel,11.56,20.2,2026-02-02
SHP-00530,Chennai,Hyderabad,1165,truck_medium,diesel,11.8,15.52,2026-02-20
SHP-00531,Bangalore,Mumbai,404,truck_medium,diesel,11.82,15.26,2025-06-29
SHP-00532,Mumbai,Delhi,294,truck_small,diesel,7.55,14.02,2025-05-28
SHP-00533,Mumbai,Bangalore,385,truck_small,diesel,9.19,13.38,2025-10-23
SHP-00534,Pune,Delhi,632,truck_medium,diesel,8.68,16.18,2025-04-12
SHP-00535,Bangalore,Hyderabad,208,truck_medium,petrol,17.17,20.99,2025-03-23
SHP-00536,Pune,Bangalore,700,truck_medium,diesel,15.05,21.67,2025-08-03
SHP-00537,Delhi,Delhi,366,truck_medium,diesel,5.73,15.68,2025-03-16
SHP-00538,Ahmedabad,Pune,926,truck_medium,diesel,12.22,20.07,2025-08-16
SHP-00539,Ahmedabad,Bangalore,132,truck_large,diesel,24.09,27.48,2025-07-17
SHP-00540,Mumbai,Ahmedabad,320,truck_small,diesel,5.85,10.69,2025-04-28
SHP-00541,Hyderabad,Ahmedabad,195,truck_small,diesel,9.86,14.92,2025-04-12
SHP-00542,Ahmedabad,Bangalore,313,truck_medium,diesel,16.04,23.65,2025-08-28
SHP-00543,Bangalore,Ahmedabad,565,truck_large,petrol,8.29,21.08,2025-06-01
SHP-00544,Mumbai,Ahmedabad,446,truck_large,diesel,13.61,20.26,2025-09-14
SHP-00545,Ahmedabad,Pune,429,truck_large,petrol,7.61,23.12,2025-05-27
SHP-00546,Chennai,Bangalore,451,truck_large,diesel,12.51,26.77,2025-04-13
SHP-00547,Mumbai,Bangalore,551,truck_small,diesel,12.18,15.75,2025-12-11
SHP-00548,Pune,Delhi,283,truck_medium,diesel,11.58,17.97,2025-04-22
SHP-00549,Hyderabad,Chennai,727,truck_small,diesel,7.51,14.29,2025-08-26
SHP-00550,Mumbai,Pune,709,truck_medium,diesel,9.75,14.76,2026-01-04
SHP-00551,Delhi,Ahmedabad,609,truck_large,diesel,15.32,26.91,2026-01-14
SHP-00552,Mumbai,Hyderabad,669,truck_small,diesel,8.01,13.76,2025-11-08
SHP-00553,Ahmedabad,Pune,580,truck_medium,diesel,10.49,15.02,2026-03-01
SHP-00554,Mumbai,Bangalore,1509,truck_small,diesel,6.57,14.63,2025-03-21
SHP-00555,Pune,Hyderabad,470,truck_small,diesel,8.87,15.1,2025-10-12
SHP-00556,Chennai,Mumbai,416,truck_small,diesel,7.12,13.6,2026-02-03
SHP-00557,Hyderabad,Pune,326,truck_small,petrol,3.16,10.73,2025-05-29
SHP-00558,Pune,Mumbai,279,truck_large,diesel,12.36,29.84,2026-01-10
SHP-00559,Ahmedabad,Ahmedabad,249,truck_medium,diesel,18.82,21.83,2025-10-14
SHP-00560,Mumbai,Pune,302,truck_large,diesel,15.24,23.47,2025-05-25
SHP-00561,Mumbai,Mumbai,474,truck_medium,petrol,6.25,18.28,2025-04-02
SHP-00562,Mumbai,Pune,592,truck_small,diesel,3.7,12.22,2025-04-26
SHP-00563,Hyderabad,Bangalore,507,truck_small,diesel,7.3,13.04,2025-08-22
SHP-00564,Chennai,Hyderabad,323,truck_large,petrol,20.16,23.41,2025-06-19
SHP-00565,Mumbai,Bangalore,808,truck_small,petrol,8.25,15.1,2025-06-11
SHP-00566,Delhi,Hyderabad,740,truck_large,diesel,23.01,28.22,2025-10-01
SHP-00567,Chennai,Pune,451,truck_small,diesel,6.84,10.63,2026-02-25
SHP-00568,Pune,Mumbai,344,truck_medium,diesel,15.7,23.61,2025-12-14
SHP-00569,Bangalore,Pune,666,truck_large,diesel,8.95,26.36,2025-12-07
SHP-00570,Ahmedabad,Hyderabad,546,truck_small,diesel,11.21,14.97,2025-07-19
SHP-00571,Ahmedabad,Chennai,222,truck_small,diesel,7.4,14.24,2026-02-07
SHP-00572,Pune,Bangalore,475,truck_large,diesel,17.91,24.35,2025-07-28
SHP-00573,Chennai,Hyderabad,569,truck_small,diesel,6.24,14.4,2025-08-05
SHP-00574,Ahmedabad,Mumbai,300,truck_medium,diesel,14.47,23.65,2025-07-05
SHP-00575,Pune,Hyderabad,547,truck_medium,diesel,10.74,16.7,2025-04-24
SHP-00576,Chennai,Hyderabad,221,truck_small,petrol,8.2,14.85,2025-03-31
SHP-00577,Chennai,Mumbai,1028,truck_medium,diesel,12.65,19.38,2025-09-23
SHP-00578,Pune,Mumbai,979,truck_medium,diesel,10.02,18.83,2025-12-23
SHP-00579,Chennai,Chennai,429,truck_medium,diesel,8.5,18.36,2025-12-12
SHP-00580,Delhi,Hyderabad,602,truck_large,diesel,23.73,27.31,2025-11-12
SHP-00581,Ahmedabad,Chennai,131,truck_small,diesel,8.93,11.61,2025-05-23
SHP-00582,Mumbai,Bangalore,261,truck_small,diesel,6.69,15.11,2025-04-02
SHP-00583,Hyderabad,Ahmedabad,419,truck_medium,petrol,15.22,22.31,2025-09-06
SHP-00584,Hyderabad,Chennai,273,truck_large,diesel,9.31,20.87,2025-03-07
SHP-00585,Hyderabad,Chennai,730,truck_small,petrol,5.61,15.29,2025-10-10
SHP-00586,Mumbai,Hyderabad,1478,truck_small,petrol,8.78,11.46,2025-04-19
SHP-00587,Chennai,Ahmedabad,258,truck_medium,petrol,5.1,18.65,2025-08-03
SHP-00588,Ahmedabad,Ahmedabad,311,truck_large,diesel,19.49,26.1,2026-02-07
SHP-00589,Delhi,Bangalore,561,truck_small,petrol,6.56,12.27,2026-01-20
SHP-00590,Hyderabad,Bangalore,1195,truck_medium,diesel,7.74,14.29,2026-01-07
SHP-00591,Ahmedabad,Hyderabad,252,truck_medium,diesel,14.72,22.51,2025-11-06
SHP-00592,Ahmedabad,Delhi,565,truck_medium,diesel,10.83,15.82,2025-06-16
SHP-00593,Chennai,Delhi,1342,truck_small,diesel,4.86,11.27,2025-04-24
SHP-00594,Bangalore,Mumbai,199,truck_small,diesel,10.49,14.79,2025-03-19
SHP-00595,Hyderabad,Hyderabad,244,truck_medium,diesel,10.45,17.4,2025-06-19
SHP-00596,Chennai,Ahmedabad,390,truck_medium,diesel,8.07,22.8,2025-06-01
SHP-00597,Hyderabad,Pune,370,truck_large,diesel,14.84,27.01,2026-01-26
SHP-00598,Pune,Delhi,770,truck_medium,petrol,13.89,16.76,2025-08-02
SHP-00599,Hyderabad,Bangalore,563,truck_medium,diesel,12.43,14.1,2025-04-16
SHP-00600,Delhi,Bangalore,186,truck_large,diesel,20.9,29.48,2025-11-03
SHP-00601,Pune,Pune,654,truck_medium,diesel,5.43,14.86,2025-05-04
SHP-00602,Chennai,Mumbai,359,truck_medium,diesel,14.17,21.2,2025-08-10
SHP-00603,Ahmedabad,Pune,993,truck_large,diesel,18.25,24.89,2025-09-25
SHP-00604,Hyderabad,Mumbai,349,truck_small,diesel,10.34,14.55,2025-11-02
SHP-00605,Ahmedabad,Mumbai,347,truck_medium,diesel,15.08,20.91,2025-11-11
SHP-00606,Ahmedabad,Mumbai,664,truck_medium,diesel,13.2,20.46,2026-02-07
SHP-00607,Ahmedabad,Pune,750,truck_small,diesel,7.34,12.94,2025-07-19
SHP-00608,Pune,Mumbai,630,truck_medium,diesel,10.32,21.93,2025-04-21
SHP-00609,Hyderabad,Mumbai,195,truck_small,petrol,2.52,10.56,2026-01-28
SHP-00610,Mumbai,Bangalore,662,truck_small,diesel,7.26,11.33,2025-12-09
SHP-00611,Bangalore,Mumbai,279,truck_medium,petrol,12.83,20.92,2025-09-20
SHP-00612,Chennai,Bangalore,561,truck_small,diesel,8.06,11.84,2025-06-08
SHP-00613,Pune,Ahmedabad,225,truck_medium,diesel,6.72,19.82,2025-09-11
SHP-00614,Hyderabad,Pune,630,truck_large,diesel,17.21,24.73,2025-09-17
SHP-00615,Chennai,Ahmedabad,316,truck_large,diesel,24.04,25.31,2025-09-11
SHP-00616,Delhi,Bangalore,243,truck_small,petrol,7.46,12.55,2025-06-09
SHP-00617,Pune,Delhi,730,truck_small,diesel,8.24,14.48,2025-10-20
SHP-00618,Chennai,Chennai,563,truck_small,diesel,7.61,11.98,2025-03-28
SHP-00619,Mumbai,Hyderabad,352,truck_small,diesel,13.45,14.22,2025-07-18
SHP-00620,Delhi,Mumbai,1095,truck_large,diesel,8.99,22.71,2025-10-17
SHP-00621,Ahmedabad,Hyderabad,387,truck_medium,petrol,10.18,16.51,2025-10-30
SHP-00622,Mumbai,Bangalore,502,truck_small,diesel,4.67,10.72,2025-07-18
SHP-00623,Bangalore,Hyderabad,571,truck_large,diesel,10.56,21.93,2025-06-29
SHP-00624,Chennai,Mumbai,350,truck_medium,diesel,8.68,15.2,2025-07-21
SHP-00625,Mumbai,Mumbai,639,truck_small,diesel,10.87,13.22,2025-12-19
SHP-00626,Delhi,Delhi,367,truck_small,diesel,13.17,14.57,2025-04-06
SHP-00627,Ahmedabad,Hyderabad,393,truck_medium,diesel,10.47,15.85,2025-05-22
SHP-00628,Hyderabad,Chennai,1043,truck_medium,diesel,8.28,16.16,2026-02-25
SHP-00629,Delhi,Chennai,278,truck_small,diesel,12.65,12.91,2026-02-10
SHP-00630,Delhi,Pune,131,truck_large,diesel,13.71,27.25,2025-04-24
SHP-00631,Bangalore,Delhi,1195,truck_large,diesel,14.21,29.77,2025-04-18
SHP-00632,Pune,Ahmedabad,2000,truck_large,petrol,6.58,25.25,2026-02-11
SHP-00633,Pune,Chennai,394,truck_small,diesel,9.73,11.7,2025-08-29
SHP-00634,Delhi,Delhi,170,truck_small,diesel,8.0,10.6,2025-12-08
SHP-00635,Pune,Chennai,415,truck_large,diesel,21.5,21.94,2025-10-03
SHP-00636,Ahmedabad,Delhi,421,truck_small,diesel,3.75,11.36,2026-01-01
SHP-00637,Delhi,Chennai,444,truck_medium,diesel,13.3,15.79,2025-06-30
SHP-00638,Mumbai,Ahmedabad,267,truck_medium,diesel,8.38,14.14,2025-12-14
SHP-00639,Ahmedabad,Chennai,678,truck_small,diesel,9.57,13.2,2025-04-06
SHP-00640,Chennai,Mumbai,658,truck_medium,diesel,4.74,16.74,2025-09-20
SHP-00641,Pune,Delhi,217,truck_large,diesel,25.0,29.74,2025-11-28
SHP-00642,Bangalore,Hyderabad,724,truck_medium,diesel,14.09,19.53,2025-10-06
SHP-00643,Bangalore,Pune,1524,truck_medium,diesel,12.02,20.97,2025-12-05
SHP-00644,Delhi,Mumbai,542,truck_large,diesel,14.8,21.26,2026-02-20
SHP-00645,Delhi,Pune,409,truck_medium,diesel,10.03,22.68,2025-11-04
SHP-00646,Chennai,Pune,456,truck_medium,diesel,9.0,18.91,2025-12-24
SHP-00647,Mumbai,Bangalore,691,truck_large,petrol,14.27,28.73,2025-07-04
SHP-00648,Pune,Bangalore,190,truck_medium,diesel,4.87,19.74,2025-11-04
SHP-00649,Chennai,Mumbai,539,truck_small,diesel,9.42,12.82,2025-08-06
SHP-00650,Ahmedabad,Delhi,398,truck_small,diesel,10.04,12.64,2025-04-15
SHP-00651,Chennai,Chennai,1361,truck_small,diesel,5.04,11.11,2025-09-24
SHP-00652,Bangalore,Hyderabad,448,truck_medium,diesel,9.33,14.51,2026-03-06
SHP-00653,Chennai,Chennai,1233,truck_medium,diesel,12.46,23.41,2025-03-23
SHP-00654,Delhi,Ahmedabad,269,truck_medium,diesel,12.0,18.78,2025-11-18
SHP-00655,Pune,Delhi,681,truck_medium,diesel,10.38,22.22,2025-12-23
SHP-00656,Pune,Bangalore,587,truck_medium,petrol,7.58,18.01,2025-11-25
SHP-00657,Delhi,Pune,306,truck_large,diesel,15.96,20.74,2025-12-23
SHP-00658,Hyderabad,Bangalore,543,truck_small,petrol,7.83,13.78,2026-02-15
SHP-00659,Chennai,Pune,960,truck_medium,petrol,13.73,14.54,2026-01-17
SHP-00660,Delhi,Hyderabad,412,truck_medium,petrol,9.11,15.49,2025-05-20
SHP-00661,Mumbai,Ahmedabad,194,truck_medium,diesel,8.11,19.63,2025-05-06
SHP-00662,Pune,Bangalore,488,truck_small,diesel,9.47,11.82,2025-10-21
SHP-00663,Delhi,Delhi,300,truck_medium,diesel,16.6,23.94,2025-06-02
SHP-00664,Chennai,Hyderabad,408,truck_large,diesel,15.06,21.18,2025-05-30
SHP-00665,Delhi,Bangalore,471,truck_medium,petrol,17.19,21.64,2025-06-22
SHP-00666,Hyderabad,Mumbai,193,truck_large,diesel,12.05,26.06,2025-06-12
SHP-00667,Mumbai,Pune,203,truck_large,diesel,15.55,27.91,2025-05-09
SHP-00668,Bangalore,Hyderabad,642,truck_medium,diesel,8.93,16.26,2025-03-27
SHP-00669,Chennai,Delhi,370,truck_medium,diesel,6.69,19.23,2025-10-08
SHP-00670,Chennai,Hyderabad,120,truck_medium,diesel,9.86,18.51,2025-04-15
SHP-00671,Hyderabad,Delhi,759,truck_large,diesel,20.05,24.43,2026-02-18
SHP-00672,Delhi,Ahmedabad,572,truck_small,petrol,9.44,15.16,2025-10-14
SHP-00673,Chennai,Chennai,333,truck_medium,diesel,8.07,23.9,2025-06-17
SHP-00674,Pune,Chennai,239,truck_large,diesel,6.91,23.05,2026-01-21
SHP-00675,Bangalore,Bangalore,780,truck_small,diesel,12.08,13.73,2025-05-20
SHP-00676,Delhi,Hyderabad,597,truck_medium,petrol,11.33,20.1,2026-01-04
SHP-00677,Pune,Ahmedabad,1827,truck_medium,diesel,9.92,21.4,2025-07-16
SHP-00678,Pune,Delhi,621,truck_large,diesel,15.64,29.48,2025-08-16
SHP-00679,Hyderabad,Pune,610,truck_large,diesel,6.93,22.08,2025-04-09
SHP-00680,Pune,Hyderabad,450,truck_small,petrol,9.42,11.27,2025-04-19
SHP-00681,Pune,Pune,772,truck_medium,diesel,10.49,20.6,2025-09-20
SHP-00682,Pune,Pune,695,truck_small,diesel,9.04,10.94,2025-12-15
SHP-00683,Chennai,Mumbai,981,truck_medium,petrol,9.28,15.74,2025-09-25
SHP-00684,Mumbai,Mumbai,370,truck_medium,diesel,12.35,14.75,2025-12-13
SHP-00685,Hyderabad,Mumbai,388,truck_large,diesel,12.54,20.03,2025-08-19
SHP-00686,Delhi,Ahmedabad,379,truck_small,diesel,9.32,12.7,2025-07-25
SHP-00687,Pune,Ahmedabad,761,truck_small,diesel,9.62,13.56,2025-11-27
SHP-00688,Chennai,Delhi,1123,truck_medium,diesel,11.7,16.91,2025-10-26
SHP-00689,Ahmedabad,Bangalore,383,truck_medium,diesel,10.48,16.31,2025-03-12
SHP-00690,Hyderabad,Ahmedabad,390,truck_medium,diesel,11.34,21.07,2026-02-27
SHP-00691,Chennai,Pune,586,truck_small,diesel,13.15,14.22,2026-01-19
SHP-00692,Ahmedabad,Ahmedabad,430,truck_small,diesel,5.3,12.72,2025-12-31
SHP-00693,Chennai,Mumbai,832,truck_large,diesel,15.61,26.87,2025-11-28
SHP-00694,Bangalore,Pune,143,truck_small,diesel,9.05,15.54,2025-10-06
SHP-00695,Bangalore,Mumbai,313,truck_medium,petrol,14.28,21.88,2025-05-02
SHP-00696,Ahmedabad,Bangalore,320,truck_large,diesel,13.2,26.25,2025-10-04
SHP-00697,Pune,Bangalore,138,truck_small,diesel,8.89,13.97,2025-05-21
SHP-00698,Delhi,Ahmedabad,290,truck_medium,diesel,12.83,23.34,2025-05-20
SHP-00699,Chennai,Delhi,298,truck_small,diesel,3.71,12.55,2025-12-21
SHP-00700,Bangalore,Mumbai,441,truck_large,diesel,14.8,25.45,2026-01-01
SHP-00701,Hyderabad,Delhi,909,truck_medium,diesel,7.82,20.48,2025-12-29
SHP-00702,Mumbai,Pune,431,truck_large,diesel,7.79,29.08,2025-04-26
SHP-00703,Hyderabad,Bangalore,280,truck_small,diesel,9.05,14.96,2025-04-29
SHP-00704,Pune,Chennai,478,truck_medium,diesel,9.82,14.71,2025-12-19
SHP-00705,Delhi,Hyderabad,877,truck_medium,diesel,10.57,15.66,2025-04-26
SHP-00706,Delhi,Bangalore,288,truck_small,diesel,8.08,11.85,2025-07-30
SHP-00707,Hyderabad,Hyderabad,299,truck_small,diesel,3.36,14.49,2025-12-05
SHP-00708,Delhi,Ahmedabad,670,truck_small,diesel,4.5,13.42,2025-08-29
SHP-00709,Ahmedabad,Mumbai,436,truck_large,diesel,21.41,22.89,2025-10-02
SHP-00710,Pune,Ahmedabad,704,truck_medium,diesel,5.97,15.24,2025-07-19
SHP-00711,Ahmedabad,Mumbai,489,truck_medium,diesel,14.41,20.89,2025-09-18
SHP-00712,Chennai,Hyderabad,725,truck_medium,diesel,9.58,21.0,2026-02-04
SHP-00713,Ahmedabad,Mumbai,279,truck_medium,diesel,13.93,23.43,2025-11-09
SHP-00714,Mumbai,Ahmedabad,489,truck_medium,diesel,8.85,19.0,2025-12-23
SHP-00715,Bangalore,Hyderabad,439,truck_medium,diesel,12.9,18.94,2026-01-11
SHP-00716,Mumbai,Ahmedabad,252,truck_medium,diesel,8.95,14.8,2025-11-03
SHP-00717,Hyderabad,Pune,209,truck_small,diesel,5.11,10.24,2025-03-25
SHP-00718,Chennai,Chennai,718,truck_large,diesel,9.51,24.32,2025-06-02
SHP-00719,Bangalore,Bangalore,406,truck_large,diesel,14.59,23.22,2025-07-25
SHP-00720,Bangalore,Mumbai,281,truck_small,petrol,4.16,11.5,2025-09-28
SHP-00721,Hyderabad,Ahmedabad,467,truck_medium,diesel,9.8,14.91,2025-05-18
SHP-00722,Delhi,Hyderabad,916,truck_small,petrol,15.45,15.77,2026-01-16
SHP-00723,Chennai,Mumbai,141,truck_large,diesel,23.34,28.36,2026-01-11
SHP-00724,Hyderabad,Bangalore,216,truck_large,diesel,18.26,25.75,2026-02-17
SHP-00725,Delhi,Pune,297,truck_large,diesel,16.66,29.51,2026-02-24
SHP-00726,Delhi,Bangalore,1101,truck_small,diesel,3.7,16.0,2025-09-27
SHP-00727,Bangalore,Bangalore,576,truck_small,petrol,4.8,14.03,2025-03-25
SHP-00728,Hyderabad,Delhi,751,truck_small,diesel,9.42,11.62,2025-09-24
SHP-00729,Delhi,Ahmedabad,263,truck_small,diesel,4.48,10.24,2025-08-22
SHP-00730,Bangalore,Mumbai,266,truck_small,diesel,6.6,14.54,2026-02-22
SHP-00731,Chennai,Pune,630,truck_small,petrol,7.05,12.82,2025-07-05
SHP-00732,Delhi,Hyderabad,509,truck_large,diesel,10.31,26.52,2025-03-31
SHP-00733,Chennai,Pune,666,truck_small,diesel,5.57,15.5,2025-11-04
SHP-00734,Mumbai,Ahmedabad,444,truck_small,diesel,6.33,11.09,2025-07-21
SHP-00735,Mumbai,Ahmedabad,574,truck_large,petrol,10.84,25.85,2025-09-12
SHP-00736,Delhi,Pune,538,truck_medium,diesel,9.09,20.35,2025-03-16
SHP-00737,Bangalore,Chennai,756,truck_medium,diesel,8.31,18.92,2025-08-25
SHP-00738,Mumbai,Hyderabad,768,truck_medium,petrol,10.05,14.91,2025-08-08
SHP-00739,Ahmedabad,Mumbai,202,truck_large,diesel,12.64,23.48,2025-08-12
SHP-00740,Bangalore,Pune,143,truck_medium,diesel,9.49,17.33,2025-07-27
SHP-00741,Pune,Pune,855,truck_medium,diesel,14.23,20.7,2025-11-12
SHP-00742,Ahmedabad,Bangalore,947,truck_medium,diesel,12.52,22.58,2026-02-25
SHP-00743,Pune,Bangalore,281,truck_medium,diesel,9.17,17.3,2026-02-19
SHP-00744,Pune,Chennai,177,truck_small,diesel,9.41,14.16,2025-04-25
SHP-00745,Mumbai,Chennai,520,truck_medium,diesel,11.82,16.88,2025-06-30
SHP-00746,Bangalore,Hyderabad,822,truck_small,diesel,8.67,15.67,2025-05-13
SHP-00747,Pune,Ahmedabad,1324,truck_medium,diesel,13.16,22.14,2025-08-06
SHP-00748,Hyderabad,Chennai,655,truck_small,diesel,5.84,13.3,2025-10-18
SHP-00749,Mumbai,Pune,402,truck_small,diesel,5.41,12.73,2025-08-17
SHP-00750,Chennai,Delhi,302,truck_small,diesel,8.54,11.89,2025-07-21
SHP-00751,Pune,Mumbai,496,truck_large,diesel,15.33,23.23,2025-10-05
SHP-00752,Pune,Chennai,418,truck_small,diesel,10.47,15.82,2026-01-09
SHP-00753,Bangalore,Ahmedabad,282,truck_medium,diesel,11.38,18.04,2026-01-30
SHP-00754,Delhi,Hyderabad,1521,truck_large,petrol,14.8,25.15,2025-04-20
SHP-00755,Bangalore,Mumbai,1315,truck_small,diesel,11.24,15.93,2025-06-10
SHP-00756,Bangalore,Chennai,920,truck_medium,diesel,15.4,20.58,2025-10-18
SHP-00757,Bangalore,Chennai,297,truck_small,diesel,9.87,13.26,2025-06-22
SHP-00758,Bangalore,Mumbai,789,truck_small,diesel,7.01,12.48,2025-09-30
SHP-00759,Chennai,Hyderabad,701,truck_medium,petrol,13.17,15.88,2025-11-09
SHP-00760,Mumbai,Pune,629,truck_large,diesel,14.67,23.62,2025-11-25
SHP-00761,Delhi,Mumbai,980,truck_small,diesel,10.09,14.54,2025-09-13
SHP-00762,Bangalore,Pune,699,truck_medium,diesel,12.77,20.25,2025-04-03
SHP-00763,Delhi,Pune,740,truck_small,diesel,9.09,14.56,2025-11-24
SHP-00764,Ahmedabad,Chennai,699,truck_medium,diesel,7.18,16.04,2025-05-26
SHP-00765,Hyderabad,Chennai,594,truck_medium,diesel,13.76,19.49,2025-04-08
SHP-00766,Ahmedabad,Mumbai,185,truck_medium,petrol,22.81,23.28,2025-08-12
SHP-00767,Chennai,Pune,516,truck_medium,diesel,9.42,18.38,2026-03-04
SHP-00768,Mumbai,Mumbai,363,truck_small,diesel,8.41,14.19,2025-11-20
SHP-00769,Ahmedabad,Ahmedabad,244,truck_medium,diesel,7.6,15.21,2025-09-28
SHP-00770,Chennai,Delhi,1243,truck_medium,diesel,11.68,23.73,2025-05-14
SHP-00771,Hyderabad,Delhi,1275,truck_medium,diesel,17.24,20.09,2025-11-29
SHP-00772,Bangalore,Chennai,1041,truck_small,diesel,5.25,11.44,2025-12-22
SHP-00773,Chennai,Delhi,567,truck_medium,diesel,7.71,15.58,2025-03-20
SHP-00774,Chennai,Hyderabad,1036,truck_medium,diesel,5.74,19.51,2025-06-02
SHP-00775,Delhi,Chennai,496,truck_small,diesel,5.9,13.31,2025-06-12
SHP-00776,Chennai,Mumbai,551,truck_small,diesel,2.88,10.56,2025-06-16
SHP-00777,Pune,Delhi,270,truck_medium,petrol,16.59,23.92,2025-04-04
SHP-00778,Mumbai,Hyderabad,613,truck_medium,diesel,22.67,23.13,2025-07-11
SHP-00779,Mumbai,Bangalore,509,truck_small,diesel,6.56,12.77,2025-03-22
SHP-00780,Pune,Delhi,241,truck_large,diesel,5.93,21.17,2025-10-25
SHP-00781,Chennai,Hyderabad,479,truck_medium,diesel,16.56,22.32,2025-03-31
SHP-00782,Ahmedabad,Hyderabad,472,truck_medium,diesel,8.52,18.98,2025-09-06
SHP-00783,Hyderabad,Bangalore,1324,truck_medium,diesel,17.23,21.17,2026-03-01
SHP-00784,Hyderabad,Chennai,806,truck_medium,diesel,10.1,19.09,2025-06-15
SHP-00785,Ahmedabad,Pune,496,truck_medium,petrol,7.8,16.73,2025-07-24
SHP-00786,Hyderabad,Hyderabad,565,truck_large,diesel,15.53,28.35,2025-09-10
SHP-00787,Bangalore,Chennai,505,truck_medium,diesel,17.05,23.8,2025-10-29
SHP-00788,Chennai,Ahmedabad,441,truck_medium,diesel,8.86,16.44,2025-11-19
SHP-00789,Delhi,Chennai,272,truck_medium,petrol,9.57,19.51,2025-09-25
SHP-00790,Bangalore,Hyderabad,453,truck_medium,petrol,9.71,17.84,2026-01-25
SHP-00791,Hyderabad,Hyderabad,327,truck_small,diesel,5.45,15.53,2025-05-08
SHP-00792,Delhi,Ahmedabad,248,truck_medium,diesel,12.43,19.08,2026-02-17
SHP-00793,Hyderabad,Pune,653,truck_medium,diesel,5.89,22.79,2025-03-21
SHP-00794,Hyderabad,Bangalore,611,truck_large,diesel,14.32,28.64,2025-07-07
SHP-00795,Bangalore,Hyderabad,184,truck_medium,diesel,12.01,16.76,2025-09-12
SHP-00796,Mumbai,Pune,461,truck_medium,diesel,13.9,21.9,2025-11-11
SHP-00797,Hyderabad,Pune,852,truck_large,diesel,16.57,24.15,2026-01-04
SHP-00798,Pune,Hyderabad,882,truck_medium,diesel,13.26,23.34,2025-10-20
SHP-00799,Pune,Ahmedabad,866,truck_small,diesel,10.32,13.05,2025-06-04
SHP-00800,Bangalore,Ahmedabad,503,truck_small,diesel,11.14,14.92,2025-11-03
SHP-00801,Hyderabad,Bangalore,310,truck_small,diesel,7.73,11.7,2025-12-31
SHP-00802,Bangalore,Mumbai,272,truck_small,diesel,8.81,11.79,2025-12-13
SHP-00803,Bangalore,Hyderabad,596,truck_medium,diesel,14.21,19.87,2025-09-01
SHP-00804,Bangalore,Delhi,607,truck_medium,diesel,12.02,23.99,2025-08-29
SHP-00805,Delhi,Bangalore,1000,truck_medium,diesel,6.39,18.9,2025-05-28
SHP-00806,Ahmedabad,Delhi,902,truck_small,diesel,7.14,10.89,2025-07-16
SHP-00807,Hyderabad,Chennai,458,truck_medium,diesel,13.15,19.39,2026-02-21
SHP-00808,Delhi,Pune,249,truck_small,diesel,9.37,12.07,2025-04-21
SHP-00809,Ahmedabad,Chennai,413,truck_large,diesel,10.5,25.52,2025-07-29
SHP-00810,Delhi,Ahmedabad,555,truck_small,diesel,5.53,13.26,2025-03-20
SHP-00811,Hyderabad,Mumbai,441,truck_medium,diesel,12.29,18.55,2025-09-19
SHP-00812,Delhi,Chennai,359,truck_small,diesel,6.77,11.93,2025-03-31
SHP-00813,Bangalore,Pune,566,truck_medium,diesel,3.82,15.89,2025-05-28
SHP-00814,Hyderabad,Mumbai,373,truck_medium,diesel,13.58,20.97,2025-12-23
SHP-00815,Ahmedabad,Delhi,349,truck_medium,diesel,4.86,19.72,2025-06-23
SHP-00816,Ahmedabad,Bangalore,585,truck_small,diesel,4.67,11.4,2025-06-27
SHP-00817,Ahmedabad,Hyderabad,395,truck_large,diesel,22.85,27.76,2026-01-31
SHP-00818,Delhi,Ahmedabad,564,truck_medium,diesel,13.12,14.44,2025-06-29
SHP-00819,Mumbai,Hyderabad,573,truck_medium,diesel,7.75,21.45,2026-02-15
SHP-00820,Ahmedabad,Ahmedabad,263,truck_large,diesel,14.09,27.05,2025-06-19
SHP-00821,Ahmedabad,Chennai,378,truck_large,petrol,16.52,28.11,2025-07-21
SHP-00822,Delhi,Mumbai,1087,truck_small,diesel,11.1,12.32,2026-02-02
SHP-00823,Mumbai,Pune,260,truck_small,diesel,6.87,13.98,2025-10-01
SHP-00824,Hyderabad,Pune,154,truck_small,diesel,7.37,14.92,2025-11-23
SHP-00825,Mumbai,Pune,177,truck_small,diesel,13.64,15.88,2025-03-16
SHP-00826,Mumbai,Chennai,501,truck_medium,diesel,9.71,18.95,2026-02-18
SHP-00827,Ahmedabad,Pune,501,truck_large,diesel,14.46,20.37,2025-03-10
SHP-00828,Chennai,Pune,462,truck_large,diesel,7.86,25.02,2025-11-03
SHP-00829,Mumbai,Delhi,961,truck_medium,diesel,10.93,19.9,2025-05-12
SHP-00830,Hyderabad,Bangalore,113,truck_medium,diesel,6.38,22.7,2026-01-31
SHP-00831,Bangalore,Mumbai,613,truck_large,diesel,11.21,28.74,2025-06-02
SHP-00832,Chennai,Ahmedabad,1163,truck_large,diesel,17.84,24.4,2026-01-07
SHP-00833,Ahmedabad,Bangalore,265,truck_small,diesel,7.51,13.16,2025-03-10
SHP-00834,Delhi,Bangalore,400,truck_medium,petrol,9.7,18.57,2025-06-28
SHP-00835,Hyderabad,Bangalore,326,truck_large,diesel,12.12,27.22,2025-07-13
SHP-00836,Pune,Chennai,301,truck_small,diesel,6.73,12.46,2026-01-11
SHP-00837,Bangalore,Hyderabad,412,truck_medium,diesel,13.03,20.55,2025-08-09
SHP-00838,Ahmedabad,Bangalore,1080,truck_large,diesel,16.3,21.54,2026-03-05
SHP-00839,Chennai,Ahmedabad,1354,truck_large,diesel,3.7,24.69,2026-03-04
SHP-00840,Chennai,Bangalore,410,truck_large,diesel,12.78,29.69,2026-01-29
SHP-00841,Ahmedabad,Pune,1405,truck_medium,diesel,10.58,17.39,2025-07-24
SHP-00842,Hyderabad,Ahmedabad,502,truck_small,diesel,7.96,14.16,2025-10-08
SHP-00843,Ahmedabad,Delhi,1293,truck_small,diesel,9.07,13.9,2025-09-14
SHP-00844,Pune,Bangalore,468,truck_medium,diesel,14.15,22.52,2025-08-31
SHP-00845,Hyderabad,Chennai,530,truck_medium,diesel,11.83,22.52,2025-10-27
SHP-00846,Delhi,Hyderabad,602,truck_medium,diesel,10.96,22.59,2025-07-13
SHP-00847,Bangalore,Delhi,2000,truck_medium,diesel,9.54,17.8,2025-06-25
SHP-00848,Ahmedabad,Chennai,787,truck_medium,diesel,13.51,17.17,2025-10-30
SHP-00849,Hyderabad,Ahmedabad,334,truck_medium,diesel,9.5,21.19,2025-08-07
SHP-00850,Delhi,Bangalore,840,truck_small,diesel,8.28,14.56,2026-02-15
SHP-00851,Bangalore,Hyderabad,404,truck_small,diesel,9.34,15.23,2025-11-27
SHP-00852,Pune,Ahmedabad,376,truck_small,diesel,8.8,10.22,2026-01-19
SHP-00853,Delhi,Chennai,812,truck_small,petrol,5.48,10.41,2025-09-25
SHP-00854,Mumbai,Delhi,501,truck_large,diesel,19.8,26.31,2025-12-30
SHP-00855,Pune,Hyderabad,574,truck_medium,diesel,18.61,23.21,2025-04-27
SHP-00856,Bangalore,Chennai,497,truck_small,diesel,9.09,15.98,2025-03-09
SHP-00857,Pune,Mumbai,593,truck_medium,petrol,11.64,21.47,2025-11-22
SHP-00858,Chennai,Hyderabad,622,truck_medium,diesel,9.55,18.34,2026-02-08
SHP-00859,Ahmedabad,Pune,170,truck_small,diesel,5.65,10.59,2025-09-13
SHP-00860,Chennai,Hyderabad,711,truck_small,petrol,10.13,13.8,2025-12-18
SHP-00861,Ahmedabad,Hyderabad,287,truck_small,diesel,9.47,15.24,2026-01-31
SHP-00862,Pune,Bangalore,223,truck_medium,petrol,11.48,18.44,2026-01-04
SHP-00863,Delhi,Pune,477,truck_small,diesel,5.34,14.16,2026-01-11
SHP-00864,Ahmedabad,Pune,516,truck_small,diesel,6.26,15.42,2025-07-28
SHP-00865,Pune,Bangalore,336,truck_small,diesel,9.93,10.28,2025-08-05
SHP-00866,Mumbai,Mumbai,778,truck_medium,diesel,12.03,21.96,2026-02-19
SHP-00867,Mumbai,Ahmedabad,236,truck_small,petrol,5.18,11.76,2025-04-30
SHP-00868,Delhi,Mumbai,394,truck_large,diesel,19.89,23.75,2025-11-07
SHP-00869,Mumbai,Delhi,357,truck_small,petrol,6.86,10.87,2025-04-07
SHP-00870,Bangalore,Ahmedabad,480,truck_medium,diesel,13.21,19.31,2025-08-25
SHP-00871,Ahmedabad,Chennai,574,truck_medium,diesel,10.91,19.66,2025-07-25
SHP-00872,Chennai,Delhi,283,truck_medium,petrol,11.46,21.93,2026-01-27
SHP-00873,Mumbai,Hyderabad,734,truck_small,diesel,6.06,11.02,2025-08-19
SHP-00874,Chennai,Ahmedabad,510,truck_large,petrol,6.88,20.79,2025-07-25
SHP-00875,Delhi,Ahmedabad,174,truck_large,diesel,16.2,28.71,2025-07-17
SHP-00876,Pune,Pune,168,truck_small,diesel,8.69,13.72,2026-02-04
SHP-00877,Mumbai,Bangalore,489,truck_small,diesel,10.45,11.44,2026-03-05
SHP-00878,Pune,Delhi,436,truck_large,diesel,17.35,29.13,2026-02-02
SHP-00879,Chennai,Hyderabad,466,truck_medium,diesel,2.47,15.43,2025-08-05
SHP-00880,Mumbai,Chennai,485,truck_small,diesel,7.19,12.77,2025-06-10
SHP-00881,Hyderabad,Hyderabad,558,truck_small,diesel,11.29,11.52,2025-05-21
SHP-00882,Chennai,Delhi,830,truck_medium,diesel,12.18,16.55,2025-11-25
SHP-00883,Pune,Hyderabad,267,truck_medium,petrol,6.12,14.09,2025-07-07
SHP-00884,Hyderabad,Chennai,259,truck_medium,diesel,15.14,22.05,2025-04-04
SHP-00885,Pune,Chennai,270,truck_large,diesel,12.95,29.01,2026-01-07
SHP-00886,Chennai,Hyderabad,578,truck_medium,petrol,6.99,20.78,2025-09-28
SHP-00887,Mumbai,Delhi,977,truck_small,diesel,5.66,10.95,2026-02-07
SHP-00888,Mumbai,Bangalore,389,truck_medium,diesel,10.99,18.42,2025-08-16
SHP-00889,Chennai,Bangalore,124,truck_medium,diesel,4.24,17.46,2026-02-17
SHP-00890,Bangalore,Chennai,193,truck_small,diesel,5.05,13.53,2025-05-16
SHP-00891,Pune,Chennai,312,truck_small,diesel,8.05,13.83,2025-03-19
SHP-00892,Bangalore,Hyderabad,363,truck_medium,diesel,9.24,18.24,2026-02-04
SHP-00893,Ahmedabad,Mumbai,394,truck_medium,diesel,10.74,16.5,2025-11-15
SHP-00894,Delhi,Chennai,503,truck_small,diesel,5.45,15.07,2025-08-04
SHP-00895,Bangalore,Chennai,415,truck_medium,diesel,11.33,15.99,2025-07-16
SHP-00896,Pune,Mumbai,878,truck_medium,diesel,6.55,17.85,2025-10-06
SHP-00897,Mumbai,Hyderabad,340,truck_medium,diesel,16.49,18.83,2025-09-29
SHP-00898,Bangalore,Hyderabad,307,truck_medium,diesel,4.44,16.37,2025-09-20
SHP-00899,Pune,Ahmedabad,641,truck_large,petrol,9.86,25.72,2025-03-24
SHP-00900,Hyderabad,Bangalore,212,truck_medium,diesel,12.94,19.75,2025-12-29
SHP-00901,Pune,Mumbai,611,truck_small,diesel,14.04,15.96,2026-03-03
SHP-00902,Chennai,Bangalore,521,truck_medium,diesel,10.79,16.95,2025-12-23
SHP-00903,Ahmedabad,Mumbai,454,truck_medium,diesel,16.2,23.78,2025-06-11
SHP-00904,Ahmedabad,Mumbai,1180,truck_small,diesel,8.14,13.95,2025-08-28
SHP-00905,Ahmedabad,Delhi,350,truck_small,diesel,4.6,11.65,2026-03-06
SHP-00906,Mumbai,Ahmedabad,1530,truck_small,petrol,6.59,13.4,2025-06-27
SHP-00907,Hyderabad,Bangalore,435,truck_medium,diesel,7.55,20.86,2026-02-20
SHP-00908,Mumbai,Pune,244,truck_medium,diesel,7.5,21.45,2025-12-04
SHP-00909,Delhi,Bangalore,512,truck_small,diesel,6.71,10.29,2026-01-26
SHP-00910,Bangalore,Delhi,273,truck_large,diesel,9.85,26.06,2025-11-04
SHP-00911,Hyderabad,Mumbai,326,truck_large,diesel,15.92,24.97,2026-02-12
SHP-00912,Chennai,Pune,613,truck_small,diesel,5.33,15.42,2025-09-05
SHP-00913,Ahmedabad,Hyderabad,669,truck_large,diesel,14.48,22.86,2025-11-20
SHP-00914,Bangalore,Ahmedabad,350,truck_small,petrol,7.28,14.79,2025-08-06
SHP-00915,Hyderabad,Pune,848,truck_large,petrol,21.72,26.07,2025-06-01
SHP-00916,Pune,Hyderabad,931,truck_large,diesel,15.01,23.52,2026-02-05
SHP-00917,Ahmedabad,Ahmedabad,1086,truck_small,diesel,11.09,13.82,2025-12-16
SHP-00918,Delhi,Mumbai,659,truck_medium,diesel,8.97,20.21,2025-06-06
SHP-00919,Pune,Chennai,1043,truck_large,petrol,15.8,26.78,2025-08-03
SHP-00920,Mumbai,Mumbai,175,truck_large,diesel,10.98,27.21,2025-04-24
SHP-00921,Chennai,Chennai,414,truck_large,diesel,13.44,26.59,2025-11-02
SHP-00922,Bangalore,Delhi,306,truck_medium,diesel,11.92,22.38,2025-05-10
SHP-00923,Ahmedabad,Delhi,526,truck_small,diesel,6.19,13.77,2025-07-16
SHP-00924,Pune,Ahmedabad,360,truck_large,diesel,10.49,29.03,2025-12-17
SHP-00925,Ahmedabad,Delhi,450,truck_medium,petrol,6.66,20.46,2025-06-07
SHP-00926,Pune,Ahmedabad,1387,truck_medium,diesel,2.71,17.09,2026-02-17
SHP-00927,Bangalore,Delhi,449,truck_medium,petrol,7.18,18.41,2025-08-24
SHP-00928,Pune,Bangalore,619,truck_medium,diesel,13.72,19.8,2026-02-04
SHP-00929,Mumbai,Hyderabad,434,truck_small,diesel,4.21,14.39,2025-04-20
SHP-00930,Chennai,Ahmedabad,514,truck_medium,diesel,4.97,14.9,2025-06-27
SHP-00931,Mumbai,Delhi,494,truck_small,diesel,10.62,11.77,2025-09-03
SHP-00932,Pune,Ahmedabad,631,truck_medium,diesel,9.99,21.47,2025-06-28
SHP-00933,Ahmedabad,Bangalore,935,truck_large,diesel,13.88,21.76,2025-08-10
SHP-00934,Hyderabad,Chennai,1219,truck_medium,diesel,10.66,15.32,2025-10-07
SHP-00935,Pune,Mumbai,584,truck_medium,diesel,13.56,19.39,2025-08-22
SHP-00936,Delhi,Ahmedabad,681,truck_small,diesel,4.84,15.83,2025-09-12
SHP-00937,Ahmedabad,Chennai,262,truck_large,diesel,13.63,25.31,2025-07-17
SHP-00938,Chennai,Ahmedabad,469,truck_medium,diesel,6.68,23.13,2025-12-30
SHP-00939,Hyderabad,Mumbai,826,truck_medium,petrol,21.85,22.3,2025-08-03
SHP-00940,Pune,Chennai,793,truck_small,diesel,3.38,11.54,2025-10-29
SHP-00941,Hyderabad,Chennai,554,truck_small,diesel,5.85,14.95,2025-05-05
SHP-00942,Bangalore,Hyderabad,802,truck_medium,diesel,7.39,18.82,2025-11-01
SHP-00943,Hyderabad,Bangalore,645,truck_large,diesel,8.72,28.06,2025-04-02
SHP-00944,Hyderabad,Pune,954,truck_medium,diesel,17.68,21.47,2026-01-24
SHP-00945,Ahmedabad,Chennai,578,truck_small,petrol,11.79,12.03,2025-12-29
SHP-00946,Chennai,Ahmedabad,405,truck_large,diesel,10.46,21.15,2025-12-28
SHP-00947,Chennai,Mumbai,593,truck_medium,diesel,8.09,23.63,2026-01-17
SHP-00948,Chennai,Hyderabad,98,truck_large,diesel,3.8,21.41,2025-04-11
SHP-00949,Mumbai,Bangalore,608,truck_small,diesel,8.47,15.8,2025-11-02
SHP-00950,Mumbai,Delhi,66,truck_medium,diesel,11.82,22.6,2025-06-13
SHP-00951,Mumbai,Mumbai,191,truck_large,diesel,12.61,27.24,2025-11-17
SHP-00952,Hyderabad,Ahmedabad,632,truck_small,diesel,9.84,15.88,2025-05-06
SHP-00953,Bangalore,Bangalore,641,truck_medium,diesel,15.41,23.67,2026-02-17
SHP-00954,Ahmedabad,Bangalore,260,truck_large,diesel,17.9,28.05,2025-09-17
SHP-00955,Hyderabad,Bangalore,333,truck_small,diesel,6.38,12.19,2025-12-02
SHP-00956,Mumbai,Chennai,1047,truck_small,diesel,5.63,14.74,2025-08-05
SHP-00957,Mumbai,Chennai,378,truck_medium,diesel,9.9,14.14,2025-10-03
SHP-00958,Bangalore,Ahmedabad,1692,truck_small,diesel,7.7,13.22,2025-04-02
SHP-00959,Ahmedabad,Chennai,492,truck_small,diesel,9.42,12.73,2025-05-22
SHP-00960,Mumbai,Ahmedabad,617,truck_medium,diesel,14.97,20.73,2025-05-15
SHP-00961,Delhi,Bangalore,1199,truck_medium,diesel,6.71,20.72,2025-06-16
SHP-00962,Mumbai,Delhi,530,truck_small,diesel,4.35,13.51,2025-08-28
SHP-00963,Bangalore,Mumbai,284,truck_small,diesel,6.63,14.93,2025-10-01
SHP-00964,Ahmedabad,Mumbai,464,truck_large,petrol,11.46,29.4,2025-12-22
SHP-00965,Hyderabad,Delhi,483,truck_medium,diesel,10.8,15.08,2025-10-26
SHP-00966,Chennai,Hyderabad,233,truck_large,diesel,14.37,22.34,2025-05-18
SHP-00967,Delhi,Ahmedabad,428,truck_medium,diesel,11.08,14.25,2025-08-14
SHP-00968,Bangalore,Mumbai,328,truck_large,diesel,18.79,28.84,2025-06-06
SHP-00969,Chennai,Chennai,819,truck_medium,diesel,12.11,19.61,2025-04-16
SHP-00970,Delhi,Bangalore,502,truck_small,diesel,12.33,15.49,2025-11-10
SHP-00971,Hyderabad,Delhi,422,truck_large,diesel,14.76,22.21,2025-08-23
SHP-00972,Ahmedabad,Pune,465,truck_medium,diesel,8.66,14.63,2026-01-23
SHP-00973,Delhi,Mumbai,557,truck_small,diesel,12.65,14.94,2025-06-04
SHP-00974,Delhi,Chennai,692,truck_small,diesel,9.29,15.46,2025-08-13
SHP-00975,Mumbai,Bangalore,284,truck_medium,diesel,8.94,17.02,2026-01-24
SHP-00976,Pune,Ahmedabad,278,truck_small,diesel,5.34,12.45,2025-04-04
SHP-00977,Chennai,Pune,905,truck_small,petrol,7.66,10.84,2025-03-08
SHP-00978,Delhi,Pune,393,truck_small,diesel,12.59,15.68,2025-10-23
SHP-00979,Delhi,Hyderabad,226,truck_medium,diesel,9.73,17.04,2025-07-24
SHP-00980,Mumbai,Bangalore,629,truck_medium,diesel,15.44,18.93,2025-06-21
SHP-00981,Chennai,Delhi,636,truck_medium,diesel,3.37,14.97,2025-05-31
SHP-00982,Hyderabad,Hyderabad,212,truck_small,petrol,8.73,15.32,2025-12-26
SHP-00983,Delhi,Hyderabad,559,truck_small,diesel,6.19,10.81,2025-05-26
SHP-00984,Mumbai,Delhi,738,truck_medium,diesel,8.33,18.54,2025-11-11
SHP-00985,Chennai,Delhi,605,truck_medium,diesel,20.29,20.7,2025-04-20
SHP-00986,Hyderabad,Pune,698,truck_medium,diesel,12.17,21.43,2025-05-11
SHP-00987,Bangalore,Chennai,228,truck_small,diesel,7.94,15.68,2026-01-14
SHP-00988,Delhi,Delhi,591,truck_small,diesel,7.31,12.51,2025-10-14
SHP-00989,Delhi,Bangalore,417,truck_small,diesel,3.17,14.45,2026-01-24
SHP-00990,Pune,Ahmedabad,378,truck_medium,diesel,6.89,15.55,2025-10-11
SHP-00991,Ahmedabad,Hyderabad,795,truck_medium,diesel,13.74,18.15,2025-09-28
SHP-00992,Pune,Ahmedabad,1112,truck_large,diesel,9.8,20.99,2025-10-11
SHP-00993,Chennai,Ahmedabad,1322,truck_medium,petrol,8.14,18.89,2025-11-05
SHP-00994,Pune,Ahmedabad,1016,truck_medium,diesel,14.75,18.08,2025-09-18
SHP-00995,Bangalore,Delhi,464,truck_medium,diesel,19.32,23.52,2025-03-08
SHP-00996,Mumbai,Pune,598,truck_small,diesel,6.87,10.2,2025-03-25
SHP-00997,Bangalore,Hyderabad,751,truck_medium,diesel,8.82,17.71,2025-12-04
SHP-00998,Hyderabad,Mumbai,527,truck_small,diesel,6.8,12.66,2025-06-16
SHP-00999,Hyderabad,Delhi,529,truck_medium,diesel,10.23,23.51,2025-09-13
SHP-01000,Ahmedabad,Mumbai,775,truck_small,petrol,6.07,15.13,2025-03-13
